post_id,post_date,is_published,email_sent_at,inbox_sent_at,type,audience,title,subtitle,podcast_url
180190088.monday-last-call-on-180year,,false,,,newsletter,everyone,,,
180063760.tidying-canonical-order,2025-11-28T14:03:15.326Z,true,2025-11-28T14:03:15.498Z,2025-11-28T14:03:15.498Z,newsletter,only_paid,Tidying: Canonical Order,,
179873134.the-bet-on-juniors-just-got-better,,false,,,newsletter,only_paid,,,
179848758.live-with-kent-beck,,false,,,podcast,everyone,,,
179843156.f22,,false,,,podcast,only_paid,,,
179843117.f7e,,false,,,podcast,only_paid,,,
179274677.if-youve-been-thinking-about-subscribing,2025-11-22T15:02:32.632Z,true,2025-11-22T15:02:32.806Z,2025-11-22T15:02:32.806Z,newsletter,everyone,If You've Been Thinking About Subscribing to Premium...,,
179246297.why-does-development-slow,2025-11-19T13:12:31.775Z,true,2025-11-19T13:12:31.991Z,2025-11-19T13:12:31.991Z,newsletter,everyone,Why Does Development Slow?,It's the options,
179142187.can-genies-write-production-code,,false,,,newsletter,only_paid,,,
178601388.intentions-and-actions-1aa,2025-11-11T14:54:48.284Z,true,2025-11-11T14:54:48.462Z,2025-11-11T14:54:48.462Z,newsletter,only_paid,Intentions & Actions,Git as an example,
177661774.pitching-hackathon-ideas-oxymoron,2025-10-31T16:33:28.757Z,true,2025-10-31T16:33:28.966Z,2025-10-31T16:33:28.966Z,newsletter,everyone,Pitching Hackathon Ideas: Oxymoron,,
177624844.learndofail,,false,,,newsletter,only_paid,,,
177099292.composable-tests,2025-11-10T12:07:43.209Z,true,2025-11-10T12:07:43.413Z,2025-11-10T12:07:43.413Z,newsletter,everyone,Composable Tests,It's not what I thought,
176834242.thinkie-influence-diagram,2025-11-20T14:48:36.610Z,true,2025-11-20T14:48:36.768Z,2025-11-20T14:48:36.768Z,newsletter,only_paid,Thinkie: Influence Diagram,How do effects affect effects?,
176783398.thinkie-reinforcing-loop,,false,,,newsletter,only_paid,,,
176737669.first-principles-first,2025-10-21T13:59:09.230Z,true,2025-10-21T13:59:09.490Z,2025-10-21T13:59:09.490Z,newsletter,everyone,First Principles First,"When analyzing metrics, apply the simple filters first",
176685050.q4-sponsor-button-layout,,false,,,newsletter,only_paid,,,
176333094.separate-failed-assertions-from-unexpected,2025-10-16T15:06:37.666Z,true,2025-10-16T15:06:37.827Z,2025-10-16T15:06:37.827Z,newsletter,only_paid,Separate Failed Assertions from Unexpected Exceptions?,A seemingly-minor detail of test framework design turns out to depend on context,
175326455.teaching-augmented-coding,2025-10-08T13:03:26.701Z,true,2025-10-08T13:03:26.949Z,2025-10-08T13:03:27.990Z,newsletter,only_paid,Teaching Augmented Coding,First Impressions,
173866834.thinkie-aligning-incentive-e6e,2025-09-18T12:47:48.845Z,true,2025-09-18T12:47:48.944Z,2025-09-18T12:47:48.944Z,newsletter,only_paid,Thinkie: Aligning Incentive,,
173660693.programming-deflation,2025-09-15T13:41:31.489Z,true,2025-09-15T13:41:31.587Z,2025-09-15T13:41:31.587Z,newsletter,everyone,Programming Deflation,When Code Gets Cheaper Every Day,
172462872.beyond-the-ide,2025-09-04T12:57:33.055Z,true,2025-09-04T12:57:33.174Z,2025-09-04T12:57:33.174Z,newsletter,everyone,Beyond the IDE,Patch Boards to IDEs,
172357692.genie-fight-8e3,2025-09-11T13:07:58.103Z,true,2025-09-11T13:07:58.408Z,2025-09-11T13:07:58.408Z,newsletter,everyone,Genie Fight,When genies collide...,
172253611.switching-scale,2025-09-05T13:14:58.693Z,true,2025-09-05T13:14:58.823Z,2025-09-05T13:14:58.823Z,newsletter,only_paid,Switching Scale,A genie-commanding superpower,
171981761.genies-getting-stuck,2025-08-27T14:44:26.718Z,true,2025-08-27T14:44:26.812Z,2025-08-27T14:44:26.812Z,newsletter,only_paid,Genies Getting Stuck,,
171625855.thinkie-edges,2025-08-26T13:18:42.415Z,true,2025-08-26T13:18:42.824Z,2025-08-26T13:18:42.824Z,newsletter,only_paid,Thinkie: Edges,,
171295156.leaving-the-nest,2025-08-22T12:44:08.934Z,true,2025-08-22T12:44:09.087Z,2025-08-22T12:44:09.087Z,newsletter,only_paid,Leaving the Nest,A newsletter business update,
170969285.genie-fight,2025-08-18T13:09:23.875Z,true,2025-08-18T13:09:24.057Z,2025-08-18T13:09:24.057Z,newsletter,only_paid,Genie Fight,Pitting genies against each other can result in better outcomes,
170937552.getting-ready-to-launch,2025-10-29T13:03:34.475Z,true,2025-10-29T13:03:34.620Z,2025-10-29T13:03:34.620Z,newsletter,everyone,Getting Ready to Launch,Special practices for special times,
170830465.match-the-pipes,2025-08-13T12:46:17.763Z,true,2025-08-13T12:46:17.879Z,2025-08-13T12:46:17.879Z,newsletter,everyone,Match The Pipes,An executive skill,
170787581.kents-going-home,2025-08-12T13:47:08.699Z,true,2025-08-12T13:47:08.804Z,2025-08-12T13:47:08.804Z,newsletter,only_paid,Kent's Going Home,,
170418021.cloud-development-environments-tame,2025-08-14T13:09:30.198Z,true,2025-08-14T13:09:30.277Z,2025-08-14T13:09:30.277Z,newsletter,everyone,Cloud Development Environments Tame Complexity By Reducing State,,
170416314.new-is-the-new-black,2025-08-15T12:30:54.658Z,true,2025-08-15T12:30:54.762Z,2025-08-15T12:30:54.762Z,newsletter,everyone,New Is The New Black,Productive Ignorance--Better & worse ways to not understand,
169139971.publish-pretty-much-everything,,false,,,newsletter,only_paid,,,
169069741.preferential-attachment,,false,,,newsletter,only_paid,,,
168953627.conclusion-final-section-intro-from,2025-07-22T14:01:24.032Z,true,2025-07-22T14:01:24.104Z,2025-07-22T14:01:24.104Z,newsletter,only_paid,Conclusion: Final section intro from Tidy Together,,
168683455.theory,2025-07-21T12:55:18.448Z,true,2025-07-21T12:55:18.590Z,2025-07-21T12:55:18.590Z,newsletter,only_paid,Theory,Introduction to part 3 of Tidy Together,
168575684.tokens-the-new-oil,2025-07-18T12:05:16.393Z,true,2025-07-18T12:05:16.546Z,2025-07-18T12:05:16.546Z,newsletter,everyone,Tokens: The New Oil,What happens when demand exceeds supply? A 3X: Explore/Expand/Extract Perspective,
168560174.management-section-intro-tidy-together,2025-07-18T12:39:22.426Z,true,2025-07-18T12:39:22.547Z,2025-07-18T12:39:22.547Z,newsletter,only_paid,Management Section Intro: Tidy Together Chapter,,
168507012.preface-to-tidy-together,2025-07-17T12:57:21.579Z,true,2025-07-17T12:57:21.873Z,2025-07-17T12:57:21.873Z,newsletter,only_paid,Preface to Tidy Together,,
168384939.the-first-feedback-filter,2025-07-15T13:48:12.873Z,true,2025-07-15T13:48:12.990Z,2025-07-15T13:48:12.990Z,newsletter,everyone,The First Feedback Filter,,
168087408.survival-cash-flow-and-options,2025-07-11T16:20:18.721Z,true,2025-07-11T16:20:18.797Z,2025-07-11T16:20:18.797Z,newsletter,only_paid,"Survival, Cash Flow, & Options",Tidy Together chapter,
166899259.thinkie-ask-the-genie,2025-06-26T15:10:47.471Z,true,2025-06-26T15:10:47.613Z,2025-06-26T15:10:47.613Z,newsletter,only_paid,Thinkie: Ask the Genie,,
166781850.augmented-coding-beyond-the-vibes,2025-06-25T13:15:28.799Z,true,2025-06-25T13:15:28.954Z,2025-06-25T13:15:28.954Z,newsletter,everyone,Augmented Coding: Beyond the Vibes,Notes from a technically challenging project,
165882127.return-of-multi-tasking,2025-06-16T17:27:12.070Z,true,2025-06-16T17:27:12.162Z,2025-06-16T17:27:12.162Z,newsletter,only_paid,Return of Multi-tasking?,,
165811719.features-and-options-revisited,2025-06-13T13:03:34.713Z,true,2025-06-13T13:03:34.826Z,2025-06-13T13:03:34.826Z,newsletter,only_paid,Features & Options Revisited,Tidy Together chapter,
165710199.augmented-coding-coached-by-the-genie,2025-06-11T19:21:44.422Z,true,2025-06-11T19:21:44.694Z,2025-06-11T19:21:44.694Z,newsletter,only_paid,Augmented Coding: Coached by the Genie,,
165601517.me-an-algernon,2025-06-10T14:54:00.453Z,true,2025-06-10T14:54:00.579Z,2025-06-10T14:54:00.579Z,newsletter,everyone,Me an' Algernon,,
165555921.augmented-coding-copypaste-detector,2025-06-09T16:24:09.030Z,true,2025-06-09T16:24:09.137Z,2025-06-09T16:24:09.137Z,newsletter,only_paid,Augmented Coding: Copy/Paste Detector,A way to help the genie make up for it's lack of design sense,
165475898.functional-genie,2025-06-08T17:38:53.745Z,true,2025-06-08T17:38:53.826Z,2025-06-08T17:38:53.826Z,newsletter,only_paid,Functional Genie,Getting the genie to use functional programming style in Rust,
165342999.the-generalize-step-in-tdd,2025-06-06T19:51:16.224Z,true,2025-06-06T19:51:16.417Z,2025-06-06T19:51:16.417Z,newsletter,only_paid,The Generalize Step In TDD,,
165130588.twc-i-wednesday-4-june-2025,2025-06-03T20:18:42.496Z,true,2025-06-03T20:18:42.601Z,2025-06-03T20:18:42.601Z,newsletter,only_paid,"TWC I Wednesday, 4 June 2025","Oops, not Thursday",
165101086.thinkie-world-congress-i,2025-06-03T19:20:12.851Z,true,2025-06-03T19:20:13.129Z,2025-06-03T19:20:13.129Z,newsletter,only_paid,Thinkie World Congress I,The prototype,
164891733.copy-from-a-simpler-language,2025-05-31T19:02:25.276Z,true,2025-05-31T19:02:25.367Z,2025-05-31T19:02:25.367Z,newsletter,only_paid,Copy From a Simpler Language,Maybe a way to get the genie out of the tar pit,
164889876.copy-from-a-simpler-language,,false,,,newsletter,only_paid,,,
164889854.copy-from-a-simpler-language,,false,,,newsletter,only_paid,,,
164881806.augmented-coding-technique-copy-from,2025-06-06T14:35:12.590Z,true,2025-06-06T14:35:12.693Z,2025-06-06T14:35:12.693Z,newsletter,everyone,Augmented Coding Technique: Copy From Simpler Language,,
164220373.legitimate-peripheral-participation,2025-05-23T07:38:37.766Z,true,2025-05-23T07:38:37.845Z,2025-05-23T07:38:37.845Z,newsletter,everyone,Legitimate Peripheral Participation,A Genie Perspective,
163976503.free-idea-train-on-changes-not-on,2025-05-20T11:25:44.479Z,true,2025-05-20T11:25:44.545Z,2025-05-20T11:25:44.545Z,newsletter,everyone,"Free Idea: Train on Changes, Not on Code",,
163714507.my-augmented-coding-tools-as-of-16,2025-05-16T14:51:41.994Z,true,2025-05-16T14:51:42.106Z,2025-05-16T14:51:42.106Z,newsletter,everyone,My Augmented Coding Tools As Of 16 May 2025,Flavors of genies,
163686223.thinkie-world-congress-1,2025-05-16T05:03:04.587Z,true,2025-05-16T05:03:04.812Z,2025-05-16T05:03:04.812Z,newsletter,only_paid,Thinkie World Congress 1,,
163630222.my-augmented-coding-tools-as-of-16,,false,,,newsletter,only_paid,,,
163475947.thinkie-world-congress-1-june-4,2025-05-13T17:42:12.345Z,true,2025-05-13T17:42:12.447Z,2025-05-13T17:42:12.447Z,newsletter,only_paid,Thinkie World Congress 1: June 4,Call for facilitators!,
163393319.persistent-prompting,2025-05-12T13:23:43.101Z,true,2025-05-12T13:23:43.248Z,2025-05-12T13:23:43.248Z,newsletter,only_paid,Persistent Prompting,,
163210965.genie-wants-to-leap,2025-05-12T12:21:33.945Z,true,2025-05-12T12:21:34.075Z,2025-05-12T12:21:34.075Z,newsletter,everyone,Genie Wants to Leap,Which works until it doesn't,
163060499.thinkie-set-based-design,2025-05-07T15:20:38.594Z,true,2025-05-07T15:20:38.716Z,2025-05-07T15:20:38.716Z,newsletter,only_paid,Thinkie: Set-Based Design,¬øPor qu√© no los dos?,
162986588.augmented-coding-is-good-for-exploration,2025-05-07T01:07:57.064Z,true,2025-05-07T01:07:57.189Z,2025-05-07T01:07:57.189Z,podcast,only_paid,Augmented Coding is Good For Exploration,"In which I put Coding Genies & 3X: Explore/Expand/Extract together to conclude that today's genies are great for exploration, not so much for expansion & extraction.",
162950789.live-with-kent-beck,,false,,,podcast,everyone,,,
162919810.live-with-kent-beck,,false,,,podcast,everyone,,,
162717906.making-the-change-easy,,false,,,newsletter,only_paid,,,
162581809.thinkie-no-time-axis,2025-05-01T13:32:20.309Z,true,2025-05-01T13:32:20.456Z,2025-05-01T13:32:20.456Z,newsletter,only_paid,Thinkie: No Time Axis,,
162536435.augmented-coding-and-design,2025-05-03T13:45:30.944Z,true,2025-05-03T13:45:31.112Z,2025-05-03T13:45:31.112Z,newsletter,everyone,Augmented Coding & Design,The Genie Eats The Seed Corn,
162266536.why-tdd-doesnt-lead-to-dumb-code,2025-04-28T13:03:04.998Z,true,2025-04-28T13:03:05.115Z,2025-04-28T13:03:05.115Z,newsletter,everyone,Why TDD Doesn't Lead to Dumb Code,Except if...,
162158488.mayo-clinic-platform-accelerate,,false,,,newsletter,only_paid,,,
161922412.the-platonic-database,2025-05-05T12:33:13.922Z,true,2025-05-05T12:33:14.381Z,2025-05-05T12:33:14.381Z,newsletter,everyone,The Platonic Database,,
161886354.design-in-tdd,2025-04-23T13:35:34.413Z,true,2025-04-23T13:35:34.758Z,2025-04-23T13:35:34.758Z,newsletter,everyone,Design in TDD,,
161882091.inhibiting-loop,2025-04-22T13:20:47.155Z,true,2025-04-22T13:20:47.222Z,2025-04-22T13:20:47.222Z,newsletter,only_paid,Inhibiting Loop,,
161811020.augmented-code,,false,,,newsletter,only_paid,,,
161613215.augmented-coding-negative-feedback,2025-04-18T16:06:53.228Z,true,2025-04-18T16:06:53.373Z,2025-04-18T16:06:53.373Z,newsletter,only_paid,Augmented Coding: Negative Feedback,,
161117391.one-pile,2025-04-18T14:30:08.277Z,true,2025-04-18T14:30:08.412Z,2025-04-18T14:30:08.412Z,newsletter,everyone,One Pile,An interim design strategy,
160775816.social-ai-adoption-lessons-from-hybrid,2025-04-10T13:03:45.511Z,true,2025-04-10T13:03:45.650Z,2025-04-10T13:03:45.650Z,newsletter,everyone,Social AI Adoption: Lessons from Hybrid Corn,,
160556433.when-should-visual-design-precede,2025-04-04T14:06:17.912Z,true,2025-04-04T14:06:17.991Z,2025-04-04T14:06:17.991Z,newsletter,everyone,When Should Visual Design Precede Implementation?,,
160423859.thinkie-aligning-incentive,2025-04-02T15:00:37.836Z,true,2025-04-02T15:00:37.926Z,2025-04-02T15:00:37.926Z,newsletter,only_paid,Thinkie Aligning Incentive,,
160069572.retrospective-performance-reviews,2025-03-28T14:33:48.132Z,true,2025-03-28T14:33:48.217Z,2025-03-28T14:33:48.217Z,newsletter,everyone,Retrospective Performance Reviews,,
160001633.tidy-together-scope-trim,2025-03-27T16:51:58.530Z,true,2025-03-27T16:51:58.613Z,2025-03-27T16:51:58.613Z,newsletter,only_paid,Tidy Together Scope Trim,,
159959221.structure-folks-and-feature-folks,2025-03-27T13:40:38.375Z,true,2025-03-27T13:40:38.516Z,2025-03-27T13:40:38.516Z,newsletter,only_paid,Structure Folks & Feature Folks,A Tidy Together Chapter,
159830764.thinkie-perverse-incentive,2025-03-25T14:20:12.727Z,true,2025-03-25T14:20:12.807Z,2025-03-25T14:20:12.807Z,newsletter,only_paid,Thinkie Perverse Incentive,,
159482947.thinkie-change-tradeoff-curves,2025-03-21T13:03:52.161Z,true,2025-03-21T13:03:52.288Z,2025-03-21T13:03:52.288Z,newsletter,only_paid,Thinkie: Change Tradeoff Curves,,
159429711.hand-drawn-illustrations,2025-03-21T11:52:08.639Z,true,2025-03-21T11:52:08.788Z,2025-03-21T11:52:08.788Z,newsletter,everyone,Hand-Drawn Illustrations,,
159416114.thinkie-tradeoff-be4,2025-03-19T15:50:56.458Z,true,2025-03-19T15:50:56.609Z,2025-03-19T15:50:56.609Z,newsletter,only_paid,Thinkie: Tradeoff,,
158835819.the-slow,,false,,,newsletter,only_paid,,,
158323744.deadlines-in-the-forest,2025-03-04T14:44:03.732Z,true,2025-03-04T14:44:03.815Z,2025-03-04T14:44:03.815Z,newsletter,only_paid,Deadlines in The Forest,,
158218724.reflecting-on-fnd-parallel-universes,2025-03-02T11:02:48.740Z,true,2025-03-02T11:02:48.833Z,2025-03-02T11:02:48.833Z,newsletter,only_paid,Reflecting on FnD: Parallel Universes,,
157890970.how-long-should-functions-be,2025-03-11T12:46:03.559Z,true,2025-03-11T12:46:03.674Z,2025-03-11T12:46:03.674Z,newsletter,everyone,How Long Should Functions Be?,"Hint: The Answer's a Distribution, Not a Number",
157882480.thinkie-reverse-causality,2025-02-25T14:02:25.954Z,true,2025-02-25T14:02:26.024Z,2025-02-25T14:02:26.024Z,newsletter,only_paid,Thinkie Reverse Causality,,
157816340.the-threat-of-incremental-delivery,2025-02-26T13:04:52.844Z,true,2025-02-26T13:04:52.927Z,2025-02-26T13:04:52.927Z,newsletter,only_paid,The Threat of Incremental Delivery,A Desert Perspective,
157155083.caterpillar-to-butterfly,2025-02-14T18:30:41.662Z,true,2025-02-14T18:30:41.869Z,2025-02-14T18:30:41.869Z,newsletter,everyone,Caterpillar to Butterfly,The Evolution of Specialist Expertise,
156781206.anatomy-of-oscillation,2025-02-10T12:18:01.587Z,true,2025-02-10T12:18:01.891Z,2025-02-10T12:18:01.891Z,newsletter,everyone,Anatomy of Oscillation,,
156545099.thinkie-search-space,2025-02-18T14:25:45.412Z,true,2025-02-18T14:25:45.623Z,2025-02-18T14:25:45.623Z,newsletter,only_paid,Thinkie Search Space,,
156543978.thinkie-nash-equilibrium,2025-02-11T14:05:56.248Z,true,2025-02-11T14:05:56.364Z,2025-02-11T14:05:56.364Z,newsletter,only_paid,Thinkie Nash Equilibrium,,
156534692.chapter-bundles-of-options,2025-02-06T13:47:30.357Z,true,2025-02-06T13:47:30.464Z,2025-02-06T13:47:30.464Z,newsletter,only_paid,Chapter Bundles of Options,,
156501407.options-financial-and-software,2025-02-05T14:28:41.507Z,true,2025-02-05T14:28:41.610Z,2025-02-05T14:28:41.610Z,newsletter,only_paid,"Options, Financial & Software",A Tidy Together chapter,
156092535.how-i-will-measure-my-life,2025-02-07T14:26:07.998Z,true,2025-02-07T14:26:08.164Z,2025-02-07T14:26:08.164Z,newsletter,everyone,How I Will Measure My Life,,
156019146.tidy-first-example,2025-01-30T14:11:16.235Z,true,2025-01-30T14:11:16.326Z,2025-01-30T14:11:16.326Z,newsletter,only_paid,Tidy First Example,,
155923493.thinkie-prisoners-dilemma,2025-02-04T13:56:06.709Z,true,2025-02-04T13:56:06.800Z,2025-02-04T13:56:06.800Z,newsletter,only_paid,Thinkie Prisoners' Dilemma,,
155921373.one-room-at-a-time,2025-01-28T14:01:56.152Z,true,2025-01-28T14:01:56.247Z,2025-01-28T14:01:56.247Z,newsletter,only_paid,One Room At A Time,,
155878050.developer-productivity-metrics-education,2025-01-29T14:11:54.002Z,true,2025-01-29T14:11:54.155Z,2025-01-29T14:11:54.155Z,newsletter,everyone,Developer Productivity Metrics: Education Necessary,Sponsored interview with DX CEO Abi Noda,
155708626.measuring-programmer-influence-kinda,2025-01-27T14:51:24.779Z,true,2025-01-27T14:51:24.927Z,2025-01-27T14:51:24.927Z,newsletter,everyone,"Measuring Programmer Influence, Kinda Sorta",But remember Goodhart's Law,
155630320.remote-site-growth-is-not-a-conquest,2025-01-24T17:25:24.439Z,true,2025-01-24T17:25:24.581Z,2025-01-24T17:25:24.581Z,newsletter,everyone,Remote Site Growth Is Not A Conquest Game,...not exactly...,
155542999.personal-site-refresh,2025-01-23T15:52:30.786Z,true,2025-01-23T15:52:30.864Z,2025-01-23T15:52:30.864Z,newsletter,only_paid,Personal Site Refresh,KentBeck.com,
155342942.thinkie-sampling-rate,2025-01-21T16:06:07.469Z,true,2025-01-21T16:06:07.554Z,2025-01-21T16:06:07.554Z,newsletter,only_paid,Thinkie: Sampling Rate,,
155022681.additional-testing-after-refactoring,2025-01-20T14:26:56.613Z,true,2025-01-20T14:26:56.868Z,2025-01-20T14:26:56.868Z,newsletter,everyone,Additional Testing After Refactoring,,
154957839.meeting-prevents-exceeding,2025-01-17T14:16:41.837Z,true,2025-01-17T14:16:42.012Z,2025-01-17T14:16:42.012Z,newsletter,everyone,Meeting Prevents Exceeding,,
154821480.kent-beck-illuminating-the-pattern,2025-01-14T14:33:41.751Z,true,2025-01-14T14:33:41.840Z,2025-01-14T14:33:41.840Z,newsletter,everyone,Kent Beck: Illuminating the Pattern Language of Modern Life,,
154817993.thinkie-the-real-question,2025-01-14T13:25:15.484Z,true,2025-01-14T13:25:15.632Z,2025-01-14T13:25:15.632Z,newsletter,only_paid,Thinkie: The Real Question,,
154315350.thinkie-legibility,2025-01-07T13:37:06.787Z,true,2025-01-07T13:37:06.931Z,2025-01-07T13:37:06.931Z,newsletter,only_paid,Thinkie: Legibility,False precision creates false control,
154279032.moving-on,2025-01-10T14:23:32.070Z,true,2025-01-10T14:23:32.165Z,2025-01-10T14:23:32.165Z,newsletter,everyone,Moving On,The Sunk Cost Fallacy Fallacy,
153684294.bugs-optional,2025-01-03T14:17:50.026Z,true,2025-01-03T14:17:50.126Z,2025-01-03T14:17:50.126Z,newsletter,everyone,Bugs Optional?,Almost no bugs in The Forest?,
153428404.complain-and-propose,2024-12-27T14:41:52.020Z,true,2024-12-27T14:41:52.284Z,2024-12-27T14:41:52.284Z,newsletter,everyone,Complain & Propose,,
153428121.managing-expand-projects,2025-01-02T13:58:54.395Z,true,2025-01-02T13:58:54.564Z,2025-01-02T13:58:54.564Z,newsletter,everyone,Managing Expand Projects,,
153422562.far-behind-the-eyes,2024-12-21T15:33:43.124Z,true,2024-12-21T15:33:43.231Z,2024-12-21T15:33:43.231Z,newsletter,only_paid,Far Behind The Eyes,,
153415198.different-bests-in-different-contexts,2024-12-20T15:45:59.865Z,true,2024-12-20T15:45:59.957Z,2024-12-20T15:45:59.957Z,newsletter,everyone,Different Bests in Different Contexts,Another take on 3X: Explore/Expand/Extract,
153263486.thinkie-winwin,2024-12-17T15:21:23.157Z,true,2024-12-17T15:21:23.242Z,2024-12-17T15:21:23.242Z,newsletter,only_paid,Thinkie: Win/Win,,
153214225.the-explore-that-cannot-fail-is-not,2024-12-17T16:06:49.225Z,true,2024-12-17T16:06:49.514Z,2024-12-17T16:06:49.514Z,newsletter,only_paid,The Explore That Cannot Fail Is Not An Explore,,
153032404.intentions-and-actions,2024-12-16T13:02:02.037Z,true,2024-12-16T13:02:02.136Z,2024-12-16T13:02:02.136Z,newsletter,everyone,Intentions & Actions,The yawning chasm,
153026307.thinkie-book-prototype,2024-12-12T16:03:15.385Z,true,2024-12-12T16:03:15.567Z,2024-12-12T16:03:15.567Z,newsletter,only_paid,Thinkie book prototype,,
152966076.thinkie-nash-equilibrium,,false,,,newsletter,only_paid,,,
152965464.best-practices-aint,2024-12-13T14:16:57.479Z,true,2024-12-13T14:16:57.580Z,2024-12-13T14:16:57.580Z,newsletter,everyone,‚ÄúBest‚Äù Practices Ain‚Äôt...,,
152874013.thinkie-survivable,2024-12-10T14:39:09.437Z,true,2024-12-10T14:39:09.537Z,2024-12-10T14:39:09.537Z,newsletter,only_paid,Thinkie: Survivable?,,
152593591.the-product-development-triathlon,2024-12-06T13:21:52.664Z,true,2024-12-06T13:21:52.794Z,2024-12-06T13:21:52.794Z,newsletter,everyone,The Product Development Triathlon,The debut of 3X: Explore/Expand/Extract,
152571129.measuring-linesfunction,2024-12-05T14:17:01.276Z,true,2024-12-05T14:17:01.479Z,2024-12-05T14:17:01.479Z,newsletter,only_paid,Measuring Lines/Function,,
152480551.thinkie-tutorial,2024-12-03T04:52:43.194Z,true,2024-12-03T04:52:43.272Z,2024-12-03T04:52:43.272Z,newsletter,only_free,Thinkie Tutorial,"Last day for 30% off, celebrating 100K subscribers",
152190431.100k-celebration,2024-11-26T14:01:44.663Z,true,2024-11-26T14:01:44.725Z,2024-11-26T14:01:44.725Z,newsletter,only_free,100K Celebration,30% Off Lifetime,
152156595.thinkie-your-position,2024-12-03T14:37:11.675Z,true,2024-12-03T14:37:11.759Z,2024-12-03T14:37:11.759Z,newsletter,only_paid,Thinkie: Your Position,,
152156142.thinkie-my-perspective,2024-11-26T13:29:47.542Z,true,2024-11-26T13:29:47.646Z,2024-11-26T13:29:47.646Z,newsletter,only_paid,Thinkie: My Perspective,,
152047410.refactoring-narrow-widen-parameter,2024-11-25T13:55:29.299Z,true,2024-11-25T13:55:29.413Z,2024-11-25T13:55:29.413Z,newsletter,only_paid,Refactoring: Narrow ‚Üî Widen Parameter,,
151929828.one-hand-on-the-yoke,2024-11-20T16:40:06.534Z,true,2024-11-20T16:40:06.710Z,2024-11-20T16:40:06.710Z,newsletter,everyone,One Hand On The Yoke,,
151873112.thinkie-exponential-growth,2024-11-19T14:42:09.086Z,true,2024-11-19T14:42:09.177Z,2024-11-19T14:42:09.177Z,newsletter,only_paid,Thinkie: Exponential Growth,"How fast, not how big",
151741306.learning-in-the-forest,2024-11-22T14:32:04.612Z,true,2024-11-22T14:32:04.669Z,2024-11-22T14:32:04.669Z,newsletter,everyone,Learning in the Forest,,
151699559.fruits-and-roots,2024-11-15T21:05:34.093Z,true,2024-11-15T21:05:34.174Z,2024-11-15T21:05:34.174Z,newsletter,everyone,Fruits & Roots,The forest offers much but demands much too,
151606382.wardley-mapping-my-naive-take,,false,,,newsletter,only_paid,,,
151569970.flying-solo,2024-11-15T14:46:09.946Z,true,2024-11-15T14:46:10.016Z,2024-11-15T14:46:10.016Z,newsletter,only_paid,Flying Solo,Buying back my time,
151547340.attracted-to-the-desert-or-the-forest,2024-11-12T14:26:27.598Z,true,2024-11-12T14:26:27.663Z,2024-11-12T14:26:27.663Z,newsletter,everyone,Attracted To The Desert (Or The Forest),Attractors,
151505502.forest-and-desert,2024-11-11T15:43:50.206Z,true,2024-11-11T15:43:50.268Z,2024-11-11T15:43:50.268Z,newsletter,everyone,Forest & Desert,,
151320333.organizing-thinkies,2024-11-07T12:27:40.775Z,true,2024-11-07T12:27:40.966Z,2024-11-07T12:27:40.966Z,newsletter,only_paid,Organizing Thinkies,,
151319711.in-praise-of-the-desert,2024-11-07T12:13:42.215Z,true,2024-11-07T12:13:42.383Z,2024-11-07T12:13:42.383Z,newsletter,everyone,In Praise of the Desert,Sometimes getting anything accomplished at all is a win,
151169674.tt-chapter-fat-tailed-distributions,2024-11-04T19:43:50.441Z,true,2024-11-04T19:43:50.609Z,2024-11-04T19:43:50.609Z,newsletter,only_paid,TT Chapter: Fat-Tailed Distributions,,
151040329.the-captain-class,2024-11-01T18:37:47.560Z,true,2024-11-01T18:37:47.740Z,2024-11-01T18:37:47.740Z,newsletter,everyone,The Captain Class,Book review,
150916519.tidy-together-chapter-long-running,2024-10-30T12:22:49.725Z,true,2024-10-30T12:22:50.622Z,2024-10-30T12:22:50.622Z,newsletter,only_paid,Tidy Together Chapter: Long-Running Design Changes,,
150888180.thinkie-fun-bit,2024-11-05T14:29:56.993Z,true,2024-11-05T14:29:57.068Z,2024-11-05T14:29:57.068Z,newsletter,only_paid,Thinkie: Fun Bit,,
150887347.thinkie-easy-bit,2024-10-29T13:08:35.862Z,true,2024-10-29T13:08:35.950Z,2024-10-29T13:08:35.950Z,newsletter,only_paid,Thinkie: Easy Bit,,
150821979.moving-mental-mountains,2024-10-28T14:43:53.396Z,true,2024-10-28T14:43:53.484Z,2024-10-28T14:43:53.484Z,newsletter,everyone,Moving Mental Mountains,,
150815964.background-work,2024-10-28T13:40:50.974Z,true,2024-10-28T13:40:51.083Z,2024-10-28T13:40:51.083Z,newsletter,everyone,Background Work,,
150676839.safety-and-freedom,2024-10-24T18:19:48.774Z,true,2024-10-24T18:19:48.977Z,2024-10-24T18:19:48.977Z,newsletter,everyone,Safety & Freedom,,
150666515.jevons,,false,,,newsletter,only_paid,,,
150572268.thinkie-hard-problem,2024-10-22T17:22:46.120Z,true,2024-10-22T17:22:47.122Z,2024-10-22T17:22:47.122Z,newsletter,only_paid,Thinkie: Hard Problem,,
150420756.profiting-from-some-failure,2024-10-21T12:07:53.835Z,true,2024-10-21T12:07:54.560Z,2024-10-21T12:07:54.560Z,newsletter,everyone,Profiting From (Some) Failure,Basket of options versus option on a basket,
150396061.which-system,2024-10-18T08:08:02.404Z,true,2024-10-18T08:08:03.009Z,2024-10-18T08:08:03.009Z,newsletter,everyone,Which System?,Step back & think about which system you're optimizing,
150344207.constraints-on-software-design,2024-10-17T07:54:10.353Z,true,2024-10-17T07:54:11.482Z,2024-10-17T07:54:11.482Z,newsletter,only_paid,Constraints on Software Design,,
150202900.thinkie-perfect-setup,2024-10-15T11:29:46.719Z,true,2024-10-15T11:29:47.647Z,2024-10-15T11:29:47.647Z,newsletter,only_paid,Thinkie: Perfect Setup,,
150165764.why-insurance-companies-are-rationally,2024-10-25T13:57:55.114Z,true,2024-10-25T13:57:55.223Z,2024-10-25T13:57:55.223Z,newsletter,everyone,Why Insurance Companies Are Rationally Failing Their Social Purpose,,
149909845.thinkie-put-skin-in-the-game,2024-10-08T10:58:33.776Z,true,2024-10-08T10:58:34.880Z,2024-10-08T10:58:34.880Z,newsletter,only_paid,Thinkie: Put Skin In The Game,,
149873915.empirical-software-design-qa,2024-10-06T13:09:36.364Z,true,2024-10-06T13:09:37.935Z,2024-10-06T13:09:37.935Z,newsletter,everyone,Empirical Software Design Q/A,Questions from the Goto CPH keynote briefly answered,
149868991.live-drawing,2024-10-07T12:13:55.471Z,true,2024-10-07T12:13:56.362Z,2024-10-07T12:13:56.362Z,newsletter,everyone,Live Drawing,,
149768646.slow-deployment-causes-meetings,2024-10-04T05:50:54.811Z,true,2024-10-04T05:50:56.232Z,2024-10-04T05:50:56.232Z,newsletter,everyone,Slow Deployment Causes Meetings,,
149659814.thinkie-hill-climbing,2024-10-01T12:40:28.830Z,true,2024-10-01T12:40:29.996Z,2024-10-01T12:40:29.996Z,newsletter,only_paid,Thinkie: Hill Climbing,,
149451292.authority-and-responsibility,2024-09-27T13:47:40.490Z,true,2024-09-27T13:47:41.635Z,2024-09-27T13:47:41.635Z,newsletter,everyone,Authority & Responsibility,,
149375795.mixing-design-and-featuresexperiment,2024-09-25T12:56:03.518Z,true,2024-09-25T12:56:04.898Z,2024-09-25T12:56:04.898Z,newsletter,only_paid,"Mixing Design & Features‚ÄîExperiment, Initiate, Sustain, Abandon, & Finish",,
149358443.thinkie-analogy,2024-09-24T17:19:43.560Z,true,2024-09-24T17:19:44.966Z,2024-09-24T17:19:44.966Z,newsletter,only_paid,Thinkie: Analogy,,
149029657.chapter-make-it-run-make-it-right,2024-09-18T12:40:56.220Z,true,2024-09-18T12:40:57.071Z,2024-09-18T12:40:57.071Z,newsletter,only_paid,"Chapter: Make It Run, Make It Right, Make It Fast",,
148924778.old-and-single-and-unready-to-mingle,2024-09-20T14:09:05.703Z,true,2024-09-20T14:09:06.608Z,2024-09-20T14:09:06.608Z,newsletter,everyone,Old & Single & Unready to Mingle,,
148921595.product-is-a-party-not-chess,2024-09-16T14:44:56.897Z,true,2024-09-16T14:44:57.822Z,2024-09-16T14:44:57.822Z,newsletter,everyone,"Product is a Party, Not Chess","Be smart about introducing programmers to customers, but do it!",
148793715.the-life-changing-magic-of-tidying,2024-09-13T12:20:57.740Z,true,2024-09-13T12:20:58.350Z,2024-09-13T12:20:58.350Z,newsletter,everyone,The Life-Changing Magic of Tidying Up Code,,
148726320.separate-idea-generation-from-evaluation,2024-09-10T14:20:44.410Z,true,2024-09-10T14:20:45.030Z,2024-09-10T14:20:45.030Z,newsletter,only_paid,Separate Idea Generation from Evaluation,,
148710503.scope-management-101,2024-09-11T13:08:18.759Z,true,2024-09-11T13:08:19.396Z,2024-09-11T13:08:19.396Z,newsletter,everyone,Scope Management 101,,
148710316.2c5,,false,,,newsletter,only_paid,,,
148614766.private-reflections-on-founder-mode,2024-09-07T15:42:29.658Z,true,2024-09-07T15:42:30.153Z,2024-09-07T15:42:30.153Z,newsletter,only_paid,Private Reflections on Founder Mode,The stuff I don't want to say in public,
148585147.thinkie-invert-the-goal,2024-09-06T17:59:17.589Z,true,2024-09-06T17:59:18.112Z,2024-09-06T17:59:18.112Z,newsletter,only_paid,Thinkie: Invert the Goal,,
148577487.the-impossibility-of-making-an-elite,2024-09-06T14:23:24.269Z,true,2024-09-06T14:23:25.338Z,2024-09-06T14:23:25.338Z,newsletter,everyone,The Impossibility of Making an Elite Engineer,,
148539981.the-founder-mode-tradeoff,2024-09-05T18:17:12.716Z,true,2024-09-05T18:17:13.498Z,2024-09-05T18:17:13.498Z,newsletter,everyone,The Founder Mode Tradeoff,,
148492531.example-of-thinkie-laughter,2024-09-05T08:20:54.878Z,true,2024-09-05T08:20:55.788Z,2024-09-05T08:20:55.788Z,newsletter,everyone,Example of Thinkie: Laughter,,
148265031.corner-meet-paint,2024-08-29T14:25:59.436Z,true,2024-08-29T14:26:00.026Z,2024-08-29T14:26:00.026Z,newsletter,only_paid,Corner Meet Paint,"It's the painter, not the paint. Also a book update.",
148205527.thinkie-work-backwards,2024-09-03T13:45:05.402Z,true,2024-09-03T13:45:07.382Z,2024-09-03T13:45:07.382Z,newsletter,only_paid,Thinkie: Work Backwards,,
148189119.thinkie-naive-solution,2024-08-27T15:14:59.216Z,true,2024-08-27T15:14:59.830Z,2024-08-27T15:14:59.830Z,newsletter,only_paid,Thinkie: Naive Solution,,
148166040.ad-hoc-infrastructure,2024-08-30T12:22:01.486Z,true,2024-08-30T12:22:02.131Z,2024-08-30T12:22:02.131Z,newsletter,everyone,Ad Hoc Infrastructure,,
148004952.scrape-then-paint,2024-08-23T13:10:01.153Z,true,2024-08-23T13:10:01.872Z,2024-08-23T13:10:01.872Z,newsletter,everyone,Scrape Then Paint,What Needs to Happen Before Test Coverage Matters,
147932285.thinkie-explore-or-extract,2024-08-20T17:14:39.985Z,true,2024-08-20T17:14:40.677Z,2024-08-20T17:14:40.677Z,newsletter,only_paid,Thinkie: Explore or Extract?,,
147786705.enthusiasm-managing-our-most-precious,2024-08-19T12:51:20.584Z,true,2024-08-19T12:51:21.212Z,2024-08-19T12:51:21.212Z,newsletter,everyone,Enthusiasm: Managing Our Most Precious Resource,,
147716907.big-feet-in-small-shoes,2024-08-15T13:09:41.544Z,true,2024-08-15T13:09:42.213Z,2024-08-15T13:09:42.213Z,newsletter,everyone,Big Feet In Small Shoes,Don‚Äôt copy big tech company solutions in a smaller tech company,
147665286.thinkie-latency-throughput-and-variance,2024-08-13T14:17:58.287Z,true,2024-08-13T14:17:59.279Z,2024-08-13T14:17:59.279Z,newsletter,only_paid,"Thinkie: Latency, Throughput, & Variance",,
147492070.humans-data,2024-08-08T18:08:24.613Z,true,2024-08-08T18:08:25.374Z,2024-08-08T18:08:25.374Z,newsletter,everyone,Humans >> Data,,
147447723.no-we-in-ic,2024-08-09T12:45:56.291Z,true,2024-08-09T12:45:58.695Z,2024-08-09T12:45:58.695Z,newsletter,everyone,"No ""We"" in IC",,
147408609.retirement-letter-2028,,false,,,newsletter,only_paid,,,
147408171.thinkie-but-if-you-could,2024-08-06T14:07:30.492Z,true,2024-08-06T14:07:31.411Z,2024-08-06T14:07:31.411Z,newsletter,only_paid,Thinkie: But If You Could...,,
147396986.design-but-when,,false,,,newsletter,only_paid,,,
147295678.refactoring-catalog,2024-08-05T13:02:57.217Z,true,2024-08-05T13:02:58.609Z,2024-08-05T13:02:58.609Z,newsletter,everyone,Refactoring Catalog,,
147253647.refactoring-constructor-builder,2024-08-01T20:47:14.212Z,true,2024-08-01T20:47:14.918Z,2024-08-01T20:47:14.918Z,newsletter,only_paid,Refactoring: Constructor <-> Builder,,
147241285.software-is-bananas,2024-08-02T13:11:33.018Z,true,2024-08-02T13:11:34.134Z,2024-08-02T13:11:34.134Z,newsletter,everyone,Software Is Bananas,,
146997344.thinkie-agreements,2024-07-30T13:48:00.816Z,true,2024-07-30T13:48:02.148Z,2024-07-30T13:48:02.148Z,newsletter,only_paid,Thinkie: Agreements,,
146976276.game-over-absorbs-future-winnings,2024-07-29T13:37:54.280Z,true,2024-07-29T13:37:55.259Z,2024-07-29T13:37:55.259Z,newsletter,everyone,Game Over Absorbs Future Winnings,,
146961378.refactoring-boolean-in-constructor,2024-07-24T15:27:57.373Z,true,2024-07-24T15:27:58.016Z,2024-07-24T15:27:58.016Z,newsletter,only_paid,Refactoring: Boolean In Constructor <-> Subclasses,,
146942896.responsible-slack,2024-07-26T13:03:31.179Z,true,2024-07-26T13:03:31.810Z,2024-07-26T13:03:32.716Z,newsletter,everyone,Responsible Slack,,
146894611.boolean-parameter-to-switches,2024-07-22T20:25:14.652Z,true,2024-07-22T20:25:15.722Z,2024-07-22T20:25:15.722Z,newsletter,only_paid,Boolean Parameter To Switches,,
146791937.a-loaf-of-roadmap,2024-07-19T15:28:57.017Z,true,2024-07-19T15:28:58.809Z,2024-07-19T15:28:58.809Z,newsletter,everyone,A Loaf of Roadmap,,
146730512.thinkie-and-then,2024-07-23T13:40:38.179Z,true,2024-07-23T13:40:38.959Z,2024-07-23T13:40:38.959Z,newsletter,only_paid,Thinkie: And Then‚Ä¶,,
146654221.a-team-is-not-a-tree,,false,,,newsletter,only_paid,,,
146511664.july-founders-call-monday-july-15,2024-07-11T15:43:20.503Z,true,2024-07-11T15:43:21.122Z,2024-07-11T15:43:21.122Z,newsletter,founding,"July Founders' Call: Monday, July 15",,
146511117.the-economic-case-for-junit-max,2024-07-11T15:36:20.504Z,true,2024-07-11T15:36:21.317Z,2024-07-11T15:36:21.317Z,newsletter,everyone,The Economic Case for JUnit Max,,
146446603.thinkie-one-pass-quickly-one-pass,2024-07-16T13:23:31.182Z,true,2024-07-16T13:23:32.138Z,2024-07-16T13:23:32.138Z,newsletter,only_paid,"Thinkie: One Pass Quickly, One Pass Good",,
146416692.thinkie-growth-rate-not-absolute,2024-07-09T13:43:59.844Z,true,2024-07-09T13:44:00.910Z,2024-07-09T13:44:00.910Z,newsletter,only_paid,"Thinkie: Growth Rate, Not Absolute Number",,
146402458.standups-individual-teammate,2024-07-08T15:49:14.485Z,true,2024-07-08T15:49:15.239Z,2024-07-08T15:49:15.239Z,newsletter,everyone,Standups: Individual ‚Üí Teammate,,
146171553.thinkie-composed-solution,2024-07-02T12:59:37.445Z,true,2024-07-02T12:59:38.166Z,2024-07-02T12:59:38.166Z,newsletter,only_paid,Thinkie: Composed Solution,,
146168580.tdd-is-not-hill-climbing,2024-07-01T15:54:34.121Z,true,2024-07-01T15:54:37.451Z,2024-07-01T15:54:37.451Z,newsletter,everyone,TDD is Not Hill Climbing,Not exactly. But kinda.,
145982636.thinkie-scale-down,2024-06-25T14:41:40.510Z,true,2024-06-25T14:41:42.773Z,2024-06-25T14:41:42.773Z,newsletter,only_paid,Thinkie: Scale Down,,
145979960.hinge,2024-06-25T13:03:51.964Z,true,2024-06-25T13:03:52.785Z,2024-06-25T13:03:52.785Z,newsletter,only_paid,Hinge,,
145809609.good-design,2024-06-20T13:10:04.448Z,true,2024-06-20T13:10:05.244Z,2024-06-20T13:10:05.244Z,newsletter,only_paid,"""Good"" Design",,
145773779.the-trough-of-despair,2024-06-19T13:03:01.014Z,true,2024-06-19T13:03:01.790Z,2024-06-19T13:03:01.790Z,newsletter,everyone,The Trough of Despair,The price of improving structure,
145759979.thinkie-more-general-solution,2024-06-18T14:28:30.252Z,true,2024-06-18T14:28:31.025Z,2024-06-18T14:28:31.025Z,newsletter,only_paid,Thinkie: More General Solution,,
145670168.tt-chapter-fields-object,2024-06-16T13:26:58.685Z,true,2024-06-16T13:26:59.303Z,2024-06-16T13:26:59.303Z,newsletter,only_paid,TT? Chapter: Fields Object,,
145574087.the-documentation-tradeoff,2024-06-12T16:46:34.031Z,true,2024-06-12T16:46:34.644Z,2024-06-12T16:46:34.644Z,newsletter,everyone,The Documentation Tradeoff,"A little, sure, but be careful about more",
145542785.exploreexploit,2024-06-11T16:47:00.682Z,true,2024-06-11T16:47:01.526Z,2024-06-11T16:47:01.526Z,newsletter,only_paid,Explore/Exploit,,
145516935.minimum-viable-product-revisited,2024-06-21T13:30:59.274Z,true,2024-06-21T13:30:59.972Z,2024-06-21T13:30:59.972Z,newsletter,everyone,Minimum Viable Product revisited,The last ThreeRiversInstitute.org post,
145413993.start-presentations-on-the-second,2024-06-14T12:40:09.889Z,true,2024-06-14T12:40:11.509Z,2024-06-14T12:40:11.509Z,newsletter,everyone,Start Presentations on the Second Slide,"Aka ""in media res""",
145412638.new-tidying-reconcile-parameter-order,2024-06-10T13:31:03.585Z,true,2024-06-10T13:31:04.278Z,2024-06-10T13:31:04.278Z,newsletter,everyone,New Tidying: Reconcile Parameter Order,,
145352622.tt-chapter-parameters-object,2024-06-07T13:03:25.427Z,true,2024-06-07T13:03:26.026Z,2024-06-07T13:03:27.309Z,newsletter,only_paid,TT? Chapter: Parameters Object,,
145346716.present-factory-chapter-the-incentive,2024-06-06T13:19:04.510Z,true,2024-06-06T13:19:04.840Z,2024-06-06T13:19:04.840Z,newsletter,only_paid,Present Factory Chapter: The Incentive Paradox in Software Design,,
145309621.tt-section-intro-for-refactorings,2024-06-05T13:54:39.187Z,true,2024-06-05T13:54:39.885Z,2024-06-05T13:54:39.885Z,newsletter,only_paid,TT? Section Intro for Refactorings,,
145297108.founder-call-friday-7-june-2024-0830,2024-06-04T14:57:41.314Z,true,2024-06-04T14:57:42.248Z,2024-06-04T14:57:42.248Z,newsletter,founding,"Founder Call Friday, 7 June 2024, 0830 PDT",,
145179084.thinkie-sensitivity-analysis,2024-06-04T13:55:08.331Z,true,2024-06-04T13:55:09.165Z,2024-06-04T13:55:09.165Z,newsletter,only_paid,Thinkie: Sensitivity Analysis,Figuring out what matters,
145170625.interceptors-in-junit,2024-06-06T13:12:59.736Z,true,2024-06-06T13:13:00.441Z,2024-06-06T13:13:00.441Z,newsletter,everyone,Interceptors in JUnit,,
145167436.best-standalone-tidy-first-chapter,2024-05-31T14:23:43.771Z,true,2024-05-31T14:23:44.680Z,2024-05-31T14:23:44.680Z,thread,only_paid,Best Standalone Tidy First? Chapter?,,
145129117.coupling-and-cohesion,2024-05-31T12:59:53.768Z,true,2024-05-31T12:59:54.328Z,2024-05-31T12:59:54.328Z,newsletter,everyone,Coupling and Cohesion,,
145082461.financial-details,,false,,,newsletter,only_paid,,,
145069332.thinkie-extrapolate-further,2024-05-28T18:10:46.811Z,true,2024-05-28T18:10:47.663Z,2024-05-28T18:10:47.663Z,newsletter,only_paid,Thinkie: Extrapolate Further,,
144932777.not-about-the-money,2024-05-29T13:41:26.928Z,true,2024-05-29T13:41:27.456Z,2024-05-29T13:41:27.456Z,newsletter,only_paid,Why I Wasn‚Äôt Writing Tidy Together,üòÆ‚Äçüí® Money,
144928945.tt-chapter-one-principle-one-technique,2024-05-24T12:32:56.511Z,true,2024-05-24T12:32:57.309Z,2024-05-24T12:32:57.309Z,newsletter,only_paid,"TT? Chapter: One Principle, One Technique",,
144878532.tidy-together-outline,2024-05-22T16:14:15.165Z,true,2024-05-22T16:14:15.847Z,2024-05-22T16:14:15.847Z,newsletter,everyone,Tidy Together? Outline,,
144840395.thinkie-else,2024-05-21T14:10:20.156Z,true,2024-05-21T14:10:20.985Z,2024-05-21T14:10:20.985Z,newsletter,only_paid,Thinkie: Else?,,
144725549.responsible-belief,,false,,,newsletter,only_paid,,,
144661033.why-accelerate-deployment,2024-05-17T13:34:37.514Z,true,2024-05-17T13:34:37.910Z,2024-05-17T13:34:37.910Z,newsletter,everyone,Why Accelerate Deployment?,,
144660171.surprise-factory-cohesion-couplings,2024-05-16T13:07:28.663Z,true,2024-05-16T13:07:29.521Z,2024-05-16T13:07:29.521Z,newsletter,only_paid,Surprise Factory: Cohesion: Coupling‚Äôs B Side,,
144603249.thinkie-contradiction,2024-05-14T12:50:01.756Z,true,2024-05-14T12:50:02.169Z,2024-05-14T12:50:02.169Z,newsletter,only_paid,Thinkie: Contradiction,,
144488703.sales-happen-when-buyers-fear-missing,2024-05-10T15:29:57.181Z,true,2024-05-10T15:29:57.739Z,2024-05-10T15:29:57.739Z,newsletter,everyone,Sales Happen When Buyers Fear Missing Out,ROI (and I) are na√Øve,
144420209.revised-surprise-factory-chapter,2024-05-09T12:50:19.556Z,true,2024-05-09T12:50:20.011Z,2024-05-09T12:50:20.011Z,newsletter,only_paid,(Revised Surprise Factory Chapter) Coupling: Why Software Costs So Damn Much,,
144388785.incongruence,2024-05-07T13:15:49.745Z,true,2024-05-07T13:15:50.467Z,2024-05-07T13:15:50.467Z,newsletter,only_paid,Incongruence,,
144275748.stretching-your-tdd-skills,2024-05-03T16:04:30.074Z,true,2024-05-03T16:04:30.997Z,2024-05-03T16:04:30.997Z,newsletter,everyone,Stretching Your TDD Skills,,
144169196.state-of-thinkies,2024-05-03T13:45:27.922Z,true,2024-05-03T13:45:28.384Z,2024-05-03T13:45:28.384Z,newsletter,only_paid,State of Thinkies,"44 down, a bunch more to go",
144166698.thinkie-just-apply,2024-04-30T13:25:13.990Z,true,2024-04-30T13:25:14.315Z,2024-04-30T13:25:14.315Z,newsletter,only_paid,Thinkie: Just Apply,,
144086212.comparisons-are-worse-than,,false,,,newsletter,only_paid,,,
143871880.one-at-a-time,2024-04-24T13:15:51.644Z,true,2024-04-24T13:15:52.121Z,2024-04-24T13:15:52.121Z,newsletter,everyone,One At A Time,But One What?,
143871438.thinkie-half-wavelength-shift,2024-04-23T13:14:59.639Z,true,2024-04-23T13:15:00.365Z,2024-04-23T13:15:00.365Z,newsletter,only_paid,Thinkie: Half Wavelength Shift,,
143767382.the-saff-squeeze,2024-04-29T12:49:47.263Z,true,2024-04-29T12:49:47.772Z,2024-04-29T12:49:47.772Z,newsletter,everyone,The Saff Squeeze,,
143763659.untangling-spaghetti-debugging-non,2024-04-22T13:44:48.399Z,true,2024-04-22T13:44:49.752Z,2024-04-22T13:44:49.752Z,newsletter,everyone,Untangling Spaghetti: Debugging Non-Terminating Object Programs,"Make an understandable mess, fix the bug, then make it easier to understand",
143752936.ai-and-software-development-2,2024-04-19T17:48:36.966Z,true,2024-04-19T17:48:38.313Z,2024-04-19T17:48:38.313Z,newsletter,only_paid,AI & Software Development 2,2 more missing topics,
143682279.ai-and-software-development,2024-04-18T18:15:02.614Z,true,2024-04-18T18:15:03.281Z,2024-04-18T18:15:03.281Z,newsletter,only_paid,AI & Software Development,Raw Thoughts,
143680772.thinkie-self-description,2024-04-17T16:38:21.569Z,true,2024-04-17T16:38:22.455Z,2024-04-17T16:38:22.455Z,newsletter,only_paid,Thinkie: Self-description,,
143527791.discount-ends-today,2024-04-12T17:58:04.001Z,true,2024-04-12T17:58:04.501Z,2024-04-12T17:58:04.501Z,newsletter,only_free,Discount Ends Today,,
143404859.to-test-or-not-to-test-thats-a-good,2024-04-12T13:23:47.971Z,true,2024-04-12T13:23:48.559Z,2024-04-12T13:23:48.559Z,newsletter,everyone,To Test or Not to Test? That‚Äôs a Good Question,,
143401789.getting-there-from-here,2024-04-10T12:21:50.279Z,true,2024-04-10T12:21:51.797Z,2024-04-10T12:21:51.797Z,newsletter,only_paid,Getting There From Here,,
143281772.birthday-special-30-off-until-april,2024-04-04T22:07:20.232Z,true,2024-04-04T22:07:20.558Z,2024-04-04T22:07:20.558Z,newsletter,only_free,"Birthday Special: 30% off until April 11, 2024",,
143105132.thinkie-latency-or-throughput,2024-04-09T13:09:29.311Z,true,2024-04-09T13:09:30.011Z,2024-04-09T13:09:30.011Z,newsletter,only_paid,Thinkie: Latency Or Throughput?,,
143104840.thinkie-reduce-variance,2024-03-30T15:05:53.486Z,true,2024-03-30T15:05:54.053Z,2024-04-09T13:05:30.251Z,newsletter,everyone,Thinkie: Reduce Variance,,
143104563.thinkie-reduce-utilization,2024-04-02T13:01:34.120Z,true,2024-04-02T13:01:34.783Z,2024-04-02T13:01:34.783Z,newsletter,only_paid,Thinkie: Reduce Utilization,,
143044771.tdds-missing-skill-behavioral-composition,2024-03-29T13:22:04.372Z,true,2024-03-29T13:22:04.941Z,2024-03-29T13:22:04.941Z,newsletter,everyone,TDD's Missing Skill: Behavioral Composition,,
142979856.thinkie-grow-then-split,2024-03-26T17:23:35.246Z,true,2024-03-26T17:23:35.707Z,2024-03-26T17:23:35.707Z,newsletter,only_paid,Thinkie: Grow *Then* Split,,
142791879.surprise-factory-coupling-why-software,2024-03-21T13:14:29.971Z,true,2024-03-21T13:14:30.404Z,2024-03-21T13:14:30.404Z,newsletter,only_paid,Surprise Factory--Coupling: Why Software Costs So Damn Much,,
142758371.thinkie-upsidedownside,2024-03-19T14:55:35.422Z,true,2024-03-19T14:55:35.933Z,2024-03-19T14:55:35.933Z,newsletter,only_paid,Thinkie: Upside/Downside,,
142586747.features-and-design-both-essential,2024-03-14T13:27:09.449Z,true,2024-03-14T13:27:09.936Z,2024-03-14T13:27:09.936Z,newsletter,only_paid,Features & Design: Both Essential & Yet Mutually Exclusive,,
142552747.design-is-an-island,2024-03-18T13:10:06.289Z,true,2024-03-18T13:10:07.260Z,2024-03-18T13:10:07.260Z,newsletter,everyone,Design is an Island,,
142550251.the-openclosedopen-principle,2024-03-12T15:51:54.615Z,true,2024-03-12T15:51:55.985Z,2024-03-12T15:51:55.985Z,newsletter,everyone,The Open/Closed/Open Principle,,
142134414.productive-compliments-giving-receiving,2024-02-28T13:05:38.465Z,true,2024-02-28T13:05:39.256Z,2024-02-28T13:05:39.256Z,newsletter,everyone,"Productive Compliments: Giving, Receiving, Connecting",,
141736757.tidy-first-in-one-page,2024-02-16T18:00:53.649Z,true,2024-02-16T18:00:54.352Z,2024-02-16T18:00:54.352Z,newsletter,everyone,Tidy First? in One Page,From the coming executive briefing,
141731645.crazy-idea-tidying-wrasse,2024-02-16T17:33:03.867Z,true,2024-02-16T17:33:05.123Z,2024-02-16T17:33:05.123Z,thread,only_paid,Crazy Idea: Tidying Wrasse,,
141669593.rent-a-kent-for-the-pleasure-of-pattern,2024-02-14T17:13:31.844Z,true,2024-02-14T17:13:32.131Z,2024-02-14T17:13:32.131Z,thread,only_paid,"Rent-a-Kent for ""The Pleasure of Pattern""",,
141605976.the-pleasure-of-pattern,2024-02-14T14:32:28.463Z,true,2024-02-14T14:32:28.905Z,2024-02-14T14:32:28.905Z,newsletter,everyone,The Pleasure of Pattern,,
141527882.rent-a-kent-for-mastering-programming,2024-02-09T16:14:49.435Z,true,2024-02-09T16:14:51.415Z,2024-02-09T16:14:51.415Z,thread,only_paid,Rent-a-Kent for Mastering Programming,,
141467900.thinkie-envelope-calculation,2024-03-12T13:44:07.633Z,true,2024-03-12T13:44:08.182Z,2024-03-12T13:44:08.182Z,newsletter,only_paid,Thinkie: Envelope Calculation,,
141461514.rent-a-kent-for-front-end-vs-back,2024-02-07T14:47:24.284Z,true,2024-02-07T14:47:24.593Z,2024-02-07T14:47:24.593Z,thread,only_paid,Rent-a-Kent for Front-End Vs Back-End Post,,
141446346.features-and-design-a-dance-of-contrasts,2024-03-07T14:05:11.396Z,true,2024-03-07T14:05:12.054Z,2024-03-07T14:05:12.054Z,newsletter,only_paid,Features & Design: A Dance of Contrasts,Chapter 4 of The Surprise Factory,
141446283.money-shapes-design-the-economic,2024-02-29T14:02:12.252Z,true,2024-02-29T14:02:12.725Z,2024-02-29T14:02:13.329Z,newsletter,only_paid,Money Shapes Design: The Economic Drivers of Software Development,,
141446084.the-3x-model-the-sensible-path-to,2024-02-22T14:58:14.214Z,true,2024-02-22T14:58:14.448Z,2024-02-22T14:58:14.448Z,newsletter,only_paid,The 3X Model - The Sensible Path to Chaos The Genesis of the 3X Model,,
141445877.the-tale-of-two-teams,2024-02-19T14:47:05.224Z,true,2024-02-19T14:47:05.631Z,2024-02-19T14:47:05.631Z,newsletter,everyone,The Tale of Two Teams,First chapter of an executive briefing on Tidy First?,
141404520.front-end-versus-back-end,2024-02-07T14:25:01.177Z,true,2024-02-07T14:25:01.701Z,2024-02-07T14:25:01.701Z,newsletter,everyone,Front-end Versus Back-end,"Or, Sisyphus Writes Java Script",
141377046.mastering-programming,2024-02-09T14:42:32.204Z,true,2024-02-09T14:42:32.867Z,2024-02-09T14:42:32.867Z,newsletter,everyone,Mastering Programming,,
141206634.shift-left-and-right,2024-03-05T14:16:14.104Z,true,2024-03-05T14:16:14.558Z,2024-03-05T14:16:14.558Z,newsletter,only_paid,Shift Left & Right,,
141198781.dissecting-a-case-of-imposter-syndrome,2024-02-02T14:00:34.360Z,true,2024-02-02T14:00:34.800Z,2024-02-02T14:00:34.800Z,newsletter,everyone,Dissecting a Case of Imposter Syndrome,,
141019880.thinkie-workwait-ratio,2024-02-27T14:50:11.142Z,true,2024-02-27T14:50:12.149Z,2024-02-27T14:50:12.149Z,newsletter,only_paid,Thinkie: Work/Wait Ratio,,
141019120.thinkie-separate-observation-from,2024-02-20T14:37:11.302Z,true,2024-02-20T14:37:11.952Z,2024-02-20T14:37:11.952Z,newsletter,only_paid,Thinkie: Separate Observation From Judgement,,
141008647.thinkie-special-cause-versus-common,2024-02-13T14:27:08.376Z,true,2024-02-13T14:27:08.908Z,2024-02-13T14:27:08.908Z,newsletter,only_paid,Thinkie: Special-Cause Versus Common-Cause Variation,,
140997837.chatgpts-second-derivative,2024-01-24T15:11:17.413Z,true,2024-01-24T15:11:17.891Z,2024-01-24T15:11:17.891Z,newsletter,only_paid,ChatGPT's Second Derivative,,
140938575.exploring-ai,2024-01-25T14:16:33.188Z,true,2024-01-25T14:16:33.402Z,2024-01-25T14:16:33.402Z,newsletter,everyone,Exploring AI,The structure of technological revolutions,
140937978.it-didnt-happen-its-not-that-bad,2024-01-29T14:38:59.276Z,true,2024-01-29T14:39:00.049Z,2024-01-29T14:39:00.049Z,newsletter,only_paid,"It Didn't Happen, It's Not That Bad, It's Your Fault Anyway",Spotting sketchy people quickly,
140896140.thinkie-rate-limiting-resource,2024-02-06T14:01:46.759Z,true,2024-02-06T14:01:47.237Z,2024-02-06T14:01:47.237Z,newsletter,only_paid,Thinkie: Rate-Limiting Resource,,
140895659.thinkie-measure-what-matters,2024-01-30T14:35:56.943Z,true,2024-01-30T14:35:57.395Z,2024-01-30T14:35:57.395Z,newsletter,only_paid,Thinkie: Measure What Matters,,
140895491.thinkie-measure-sooner,2024-01-23T14:22:29.483Z,true,2024-01-23T14:22:29.704Z,2024-01-23T14:22:29.704Z,newsletter,only_paid,Thinkie: Measure Sooner,,
140839491.your-outcomes-from-tidy-first,2024-01-19T14:49:36.085Z,true,2024-01-19T14:49:36.751Z,2024-01-19T14:49:36.751Z,thread,only_paid,Your Outcomes From Tidy First?,,
140815045.inserting-logic-improving-my-problematic,2024-01-22T14:39:13.047Z,true,2024-01-22T14:39:13.254Z,2024-01-22T14:39:13.254Z,newsletter,only_paid,Inserting Logic: Improving My Problematic Behavior Starting at the Roots,,
140780620.history-of-this-newsletter-in-one,2024-01-18T14:53:19.901Z,true,2024-01-18T14:53:21.448Z,2024-01-18T14:53:21.448Z,newsletter,everyone,History of This Newsletter In One Chart,With a system design lesson at the end,
140739480.my-sustainable-newsletter,2024-01-17T14:32:11.563Z,true,2024-01-17T14:32:12.385Z,2024-01-17T14:32:12.385Z,newsletter,only_paid,My Sustainable Newsletter ,"3 Paradigms, With Graphs",
140702725.free-idea-analyze-test-runs,2024-01-15T15:29:45.472Z,true,2024-01-15T15:29:46.369Z,2024-01-15T15:29:46.369Z,newsletter,only_paid,Free Idea: Analyze Test Runs,,
140619687.i-learn-a-surprising-lesson-about,2024-01-13T15:01:19.393Z,true,2024-01-13T15:01:19.864Z,2024-01-13T15:01:19.864Z,newsletter,everyone,I Learn a Surprising Lesson About Human Motivation,Last Chance for $70/Year Pricing,
140597315.a-new-literature,2024-01-11T22:02:02.074Z,true,2024-01-11T22:02:02.689Z,2024-01-11T22:02:02.689Z,newsletter,everyone,A New Literature,Initial Impressions,
140589348.debut-of-rent-a-kent,2024-01-11T18:56:11.203Z,true,2024-01-11T18:56:12.135Z,2024-01-11T18:56:12.135Z,newsletter,only_paid,Debut of Rent-a-Kent,Please Give It A Try,
140585956.thinkie-measure-later,2024-01-16T14:24:10.108Z,true,2024-01-16T14:24:10.495Z,2024-01-16T14:24:10.495Z,newsletter,only_paid,Thinkie: Measure Later,,
140533956.productivity-measurement-as-a-tradeoff,2024-01-11T15:06:43.066Z,true,2024-01-11T15:06:43.569Z,2024-01-11T15:06:43.569Z,newsletter,everyone,Productivity Measurement as a Tradeoff,,
140519686.january-founders-call,2024-01-09T16:56:52.149Z,true,2024-01-09T16:56:52.523Z,2024-01-09T16:56:52.523Z,newsletter,founding,January Founder's Call,"Thursday, 11 Jan 2024 at 0830 Pacific time",
140493896.gathering-twigs-for-my-nest,2024-01-11T14:24:20.837Z,true,2024-01-11T14:24:21.357Z,2024-01-11T14:24:21.357Z,newsletter,only_paid,Gathering Twigs for My Nest,MRR up 33% in a week! Just from announcing higher prices!,
140484650.thinkie-match-the-pipes,2024-01-09T14:32:36.466Z,true,2024-01-09T14:32:36.883Z,2024-01-09T14:32:36.883Z,newsletter,only_paid,Thinkie: Match the Pipes,,
140357886.niklaus-wirth-1934-2024,2024-01-04T18:41:16.732Z,true,2024-01-04T18:41:17.029Z,2024-01-04T18:41:17.029Z,newsletter,everyone,Niklaus Wirth: 1934-2024,Geek For Life,
140324426.professional-pricing,2024-01-03T18:03:59.880Z,true,2024-01-03T18:04:01.187Z,2024-01-03T18:04:01.187Z,newsletter,everyone,Professional Pricing,,
140324292.request-for-examples-pass-through,2024-01-04T14:43:11.642Z,true,2024-01-04T14:43:12.021Z,2024-01-04T14:43:12.021Z,thread,everyone,Request for Examples: Pass-Through Interface,,
140291337.tradeoff-booklet-example-potpourri,2024-01-17T14:33:18.261Z,true,2024-01-17T14:33:18.766Z,2024-01-17T14:33:18.766Z,newsletter,only_paid,Tradeoff Booklet: Example Potpourri,,
140276887.thinkie-trust-the-market,2024-01-02T14:17:26.782Z,true,2024-01-02T14:17:27.224Z,2024-01-02T14:17:27.224Z,newsletter,only_paid,Thinkie: Trust the Market,,
139985664.maybe-accumulating-employees-is-a,2023-12-22T14:35:43.329Z,true,2023-12-22T14:35:43.761Z,2023-12-22T14:35:43.761Z,newsletter,everyone,Maybe Accumulating Employees is a Core Competency,,
139962701.thinkie-1-10-100,2023-12-26T16:53:04.950Z,true,2023-12-26T16:53:05.589Z,2023-12-26T16:53:05.589Z,newsletter,only_paid,"Thinkie: 1, 10, 100",,
139934737.the-book-is-now-the-vinyl-of-the,2024-01-04T15:02:11.163Z,true,2024-01-04T15:02:11.533Z,2024-01-04T15:02:11.533Z,newsletter,only_paid,The Book is Now the Vinyl of the Intellectual Life,Visionary idea incoming...,
139894393.the-surprise-factory,2023-12-19T14:41:48.157Z,true,2023-12-19T14:41:48.683Z,2023-12-19T14:41:48.683Z,newsletter,only_paid,The Surprise Factory,Why executives should care about Tidy First?,
139784081.not-my-money-any-more-lessons-from,2023-12-15T14:41:21.761Z,true,2023-12-15T14:41:22.663Z,2023-12-15T14:41:22.663Z,newsletter,everyone,Not My Money Any More: Lessons from Poker 4,,
139763368.tradeoff-booklet-tradeoff-decisions,2023-12-18T14:48:37.439Z,true,2023-12-18T14:48:37.849Z,2023-12-18T14:48:37.849Z,newsletter,only_paid,Tradeoff Booklet: Tradeoff Decisions,,
139618637.recommending-kent-beck-2011,2023-12-08T16:22:10.821Z,true,2023-12-08T16:22:11.266Z,2023-12-08T16:22:11.266Z,newsletter,everyone,Recommending Kent Beck: 2011,,
139618164.december-founders-call,2023-12-08T16:00:55.423Z,true,2023-12-08T16:00:55.790Z,2023-12-08T16:00:55.790Z,newsletter,founding,December Founders' Call,"9AM PST Monday, 11 December",
139601698.canon-tdd,2023-12-11T14:53:10.922Z,true,2023-12-11T14:53:11.287Z,2023-12-11T14:53:11.287Z,newsletter,everyone,Canon TDD,,
139517594.tdd-isnt-design,2023-12-07T14:40:21.551Z,true,2023-12-07T14:40:21.831Z,2023-12-07T14:40:21.831Z,newsletter,everyone,TDD Isn't Design,It's Design Feedback,
139431570.goldilocks-and-the-3-tradeoffs,2023-12-11T10:37:47.304Z,true,2023-12-11T10:37:47.649Z,2023-12-11T10:37:47.649Z,newsletter,only_paid,Goldilocks & The 3 Tradeoffs,,
139310148.tdd-is-kanban-for-code,2023-12-01T11:29:24.027Z,true,2023-12-01T11:29:24.426Z,2023-12-01T11:29:24.426Z,newsletter,everyone,TDD is Kanban for Code,,
139299543.thinkie-mcdonalds,2023-12-19T14:58:42.021Z,true,2023-12-19T14:58:42.449Z,2023-12-19T14:58:42.449Z,newsletter,only_paid,Thinkie: McDonald's,A deliberately bad decision,
139170325.just-ship-baby,2023-11-27T12:53:41.866Z,true,2023-11-27T12:53:42.250Z,2023-11-27T12:53:42.250Z,newsletter,everyone,"Just Ship, Baby",,
139084492.tradeoff-booklet-outline,2023-12-04T14:41:35.415Z,true,2023-12-04T14:41:36.444Z,2023-12-04T14:41:36.444Z,newsletter,only_paid,Tradeoff Booklet: Outline,,
139079196.tradeoff-booklet-1-roots,2023-11-27T14:11:16.216Z,true,2023-11-27T14:11:16.479Z,2023-11-27T14:11:16.479Z,newsletter,only_paid,Tradeoff Booklet 1: Roots,,
139078836.tradeoff-booklet,2023-11-22T16:54:05.961Z,true,2023-11-22T16:54:06.269Z,2023-11-22T16:54:06.269Z,newsletter,only_paid,Tradeoff Booklet,,
139032040.thinkie-parallel-decision,2023-12-12T14:56:27.820Z,true,2023-12-12T14:56:28.372Z,2023-12-12T14:56:28.372Z,newsletter,only_paid,Thinkie: Parallel Decision,,
139031914.thinkie-defer-decision,2023-12-05T14:46:27.798Z,true,2023-12-05T14:46:28.178Z,2023-12-05T14:46:28.178Z,newsletter,only_paid,Thinkie: Defer Decision,,
139031770.thinkie-force-decision,2023-11-28T14:40:33.261Z,true,2023-11-28T14:40:33.646Z,2023-11-28T14:40:33.646Z,newsletter,only_paid,Thinkie: Force Decision,It may be time,
139031411.thinkie-end-to-end,2023-11-21T14:31:10.480Z,true,2023-11-21T14:31:10.906Z,2023-11-21T14:31:10.906Z,newsletter,only_paid,Thinkie: End To End,It's further than you think,
138930950.taming-complexity-with-reversibility,2023-11-17T14:19:38.759Z,true,2023-11-17T14:19:39.152Z,2023-11-17T14:19:39.152Z,newsletter,everyone,Taming Complexity with Reversibility,,
138890592.expanding-myself-to-nothing,2023-12-04T11:59:18.503Z,true,2023-12-04T11:59:18.701Z,2023-12-04T11:59:18.701Z,newsletter,everyone,Expanding Myself to Nothing,On To Sustainability!,
138867324.business-evolution,2023-11-15T15:44:41.516Z,true,2023-11-15T15:44:42.379Z,2023-11-15T15:44:42.379Z,newsletter,only_paid,Business Evolution,This Substack as a startup,
138866651.tdd-outcomes,2023-11-15T14:30:39.813Z,true,2023-11-15T14:30:40.610Z,2023-11-15T14:30:40.610Z,newsletter,everyone,TDD Outcomes,The Good & The Bad,
138844012.bread-or-wheat,,false,,,newsletter,only_paid,,,
138784588.thinkie-compared-to-what,2023-11-14T15:18:35.323Z,true,2023-11-14T15:18:35.710Z,2023-11-14T15:18:35.710Z,newsletter,only_paid,Thinkie: Compared to What?,CTW?,
138696472.pulling-practice-not-pushing,2023-11-08T14:20:12.037Z,true,2023-11-08T14:20:12.654Z,2023-11-08T14:20:12.654Z,newsletter,everyone,"Pulling Practice, Not Pushing",,
138639604.idea-codefeed,2023-11-09T15:15:18.705Z,true,2023-11-09T15:15:19.467Z,2023-11-09T15:15:19.467Z,newsletter,everyone,Idea: CodeFeed,Non-blocking code review,
138562393.testing-structure-changes,2023-11-06T14:53:50.296Z,true,2023-11-06T14:53:50.627Z,2023-11-06T14:53:50.627Z,newsletter,everyone,"""Testing"" Structure Changes",,
138553792.idea-layoutfeed,2023-11-03T19:21:21.902Z,true,2023-11-03T19:21:22.393Z,2023-11-03T19:21:22.393Z,newsletter,everyone,Idea: LayoutFeed,My phone knows I'm not wearing my glasses. Why doesn't it care?,
138520219.kent-beck-business-2,,false,,,newsletter,only_paid,,,
138497460.tdd-prerequisites,2023-11-02T13:48:38.280Z,true,2023-11-02T13:48:38.515Z,2023-11-02T13:48:38.515Z,newsletter,everyone,TDD Prerequisites,,
138344373.founder-call-details,2023-10-27T18:30:10.446Z,true,2023-10-27T18:30:10.811Z,2023-10-27T18:30:10.811Z,newsletter,founding,Founder call details ,"Oct 30, 2023",
138262656.private-estimates-public-progress,2023-10-25T15:25:16.952Z,true,2023-10-25T15:25:17.596Z,2023-10-25T15:25:17.596Z,newsletter,everyone,"Private Estimates, Public Progress",,
138254331.thinkie-tradeoff-curves,,false,,,newsletter,only_paid,,,
138253114.thinkie-tradeoff,2023-11-07T14:10:23.341Z,true,2023-11-07T14:10:23.948Z,2023-11-07T14:10:23.948Z,newsletter,only_paid,Thinkie: Tradeoff,,
138248959.founder-call-book-launch-party,2023-10-24T14:20:35.489Z,true,2023-10-24T14:20:35.998Z,2023-10-24T14:20:35.998Z,newsletter,founding,Founder Call: Book Launch Party!,"October 30, 2023, morning Pacific Time",
138223082.idea-portfolio,2023-10-24T13:35:57.950Z,true,2023-10-24T13:35:58.931Z,2023-10-24T13:35:58.931Z,newsletter,everyone,Idea Portfolio,,
138061968.to-design-or-not-to-design,2023-10-18T13:28:59.086Z,true,2023-10-18T13:28:59.317Z,2023-10-18T13:28:59.317Z,newsletter,everyone,To Design or Not To Design?,A Third Good Question,
137923224.why-software-design-matters,2023-10-13T14:44:31.877Z,true,2023-10-13T14:44:32.344Z,2023-10-13T14:44:32.344Z,newsletter,everyone,Why Software Design Matters,You Get Better at Design. What Happens Next?,
137816073.first-one-then-many,2023-10-09T18:52:08.073Z,true,2023-10-09T18:52:08.469Z,2023-10-09T18:52:08.469Z,newsletter,everyone,"First One, Then Many",,
137692832.the-criming-moment,,false,,,newsletter,everyone,,,
137607969.book-2-topics,2023-10-03T13:39:10.508Z,true,2023-10-03T13:39:11.022Z,2023-10-03T13:39:11.022Z,thread,everyone,Book 2 Topics?,,
137482674.coding-in-the-debugger,2023-09-28T14:09:50.387Z,true,2023-09-28T14:09:50.783Z,2023-09-28T14:09:50.783Z,newsletter,everyone,Coding in the Debugger,In-situ Programming,
137279328.helping-geeks-feel-safe-in-the-world,2023-09-22T13:38:13.444Z,true,2023-09-22T13:38:13.769Z,2023-09-22T13:38:13.769Z,newsletter,everyone,Helping Geeks Feel Safe in the World,,
137269001.half-in-half,2023-10-31T13:38:15.016Z,true,2023-10-31T13:38:15.459Z,2023-10-31T13:38:15.459Z,newsletter,only_paid,Half in Half,,
137258073.timing,2023-09-25T13:02:04.961Z,true,2023-09-25T13:02:05.388Z,2023-09-25T13:02:05.388Z,newsletter,everyone,Timing,The Unseen Variable In Software Design,
137188490.dont-cross-the-beams,2023-09-19T16:05:10.365Z,true,2023-09-19T16:05:10.981Z,2023-09-19T16:05:10.981Z,newsletter,everyone,Don‚Äôt Cross the Beams,Avoid Interference Between Horizontal and Vertical Refactorings,
137040037.customers-voice,2023-10-24T13:00:51.190Z,true,2023-10-24T13:00:51.551Z,2023-10-24T13:00:51.551Z,newsletter,only_paid,Customer's Voice,,
137006319.september-2023-founders-call,2023-09-13T14:06:48.004Z,true,2023-09-13T14:06:48.515Z,2023-09-13T14:06:48.515Z,newsletter,founding,September 2023 Founders Call,,
136978310.dimensions-of-power,2023-09-12T15:58:05.656Z,true,2023-09-12T15:58:06.262Z,2023-09-12T15:58:06.262Z,newsletter,everyone,Dimensions of Power,,
136518737.incentives-the-hits,2023-09-07T13:00:28.866Z,true,2023-09-07T13:00:29.246Z,2023-09-07T13:00:29.246Z,newsletter,everyone,Incentives: The Hits,,
136518166.founders-call,2023-08-29T13:08:06.626Z,true,2023-08-29T13:08:07.306Z,2023-08-29T13:08:07.306Z,newsletter,founding,Founders' Call,"September 13, 0800 PDT",
136503529.measuring-developer-productivity-440,2023-08-31T16:00:27.289Z,true,2023-08-31T16:00:27.790Z,2023-08-31T16:00:27.790Z,newsletter,everyone,Measuring developer productivity? A response to McKinsey 2,,
136502921.measuring-developer-productivity,2023-08-29T15:39:22.812Z,true,2023-08-29T15:39:23.400Z,2023-08-29T15:39:23.400Z,newsletter,everyone,Measuring developer productivity? A response to McKinsey,Part 1 of 2,
136490332.effortoutputoutcomeimpact-take-2,2023-08-28T15:51:51.392Z,true,2023-08-28T15:51:51.892Z,2023-08-28T15:51:51.892Z,video,everyone,"Effort/Output/Outcome/Impact, Take 2",,
136461031.ideas-ive-contributed-to-in-software,2023-09-06T13:12:05.847Z,true,2023-09-06T13:12:06.414Z,2023-09-06T13:12:06.414Z,newsletter,everyone,A Career Accounting,Ideas I've contributed to & how they relate,
136350694.kent-beck-business,2023-08-30T13:00:27.104Z,true,2023-08-30T13:00:27.309Z,2023-08-30T13:00:27.309Z,newsletter,everyone,Kent Beck: Business,Finally...,
136344889.the-geek-incentives-manifesto,2021-02-13T15:42:40.000Z,true,,,newsletter,everyone,The Geek Incentives Manifesto,,
136344888.its-not-programming,2021-02-16T01:24:51.000Z,true,,,newsletter,everyone,It's Not Programming,,
136344887.follow-the-incentives-waze-edition,2021-02-22T16:30:56.000Z,true,,,newsletter,everyone,"Follow the Incentives, Waze Edition",,
136344886.geek-incentives-clubhouse-debut-with,2021-02-17T19:22:16.000Z,true,,,newsletter,everyone,Geek Incentives Clubhouse Debut with Keith Adams,,
136344885.mysteries-of-geek-incentives,2021-02-16T17:12:25.000Z,true,,,newsletter,everyone,Mysteries of Geek Incentives,,
136344884.incentives-money,2021-02-18T21:30:01.000Z,true,,,newsletter,everyone,Incentives >>> Money,,
136344883.patterns-of-performance-review-and,2021-02-24T16:01:56.000Z,true,,,newsletter,everyone,Patterns of Performance Review & Compensation,,
136344881.collaboration-incentives,2021-03-02T23:28:30.000Z,true,,,newsletter,everyone,Collaboration Incentives,,
136344880.jocelyn-goldfein-hits-the-house,2021-03-04T23:44:33.000Z,true,,,newsletter,everyone,Jocelyn Goldfein Hits the House,,
136344879.waze-founders-comments-space-of-all,2021-02-25T17:10:54.000Z,true,,,newsletter,everyone,"Waze Founder's Comments, Space of All Incentive Systems",,
136344878.geek-incentives-manifesto-expanded,2021-03-11T16:41:39.000Z,true,,,newsletter,everyone,Geek Incentives Manifesto Expanded,,
136344877.authority-responsibility-blame-accountability,2021-03-23T01:13:41.000Z,true,,,newsletter,everyone,"Authority, Responsibility, Blame, Accountability",,
136344876.incentives-change-marginal-behavior,2021-07-26T21:27:24.000Z,true,,,newsletter,everyone,Incentives Change Marginal Behavior,,
136344875.ratings-as-incentives,2021-10-28T14:52:02.000Z,true,,,newsletter,everyone,Ratings as Incentives,,
136344874.no-compensation-ratings,2021-11-05T14:41:49.000Z,true,,,newsletter,everyone,No-compensation Ratings,,
136344873.accountability-in-software-development,2021-12-03T15:40:23.000Z,true,,,newsletter,everyone,Accountability in Software Development,,
136344872.fixed-equity-grants-become-toxic,2021-12-10T15:15:07.000Z,true,,,newsletter,everyone,Fixed Equity Grants Become Toxic,,
136344871.underpaid-programmers,2022-12-06T23:24:53.000Z,true,,,newsletter,everyone,Underpaid Programmers,,
136344870.performance-review-incentives,2022-12-15T00:05:17.000Z,true,,,newsletter,everyone,Performance Review Incentives,,
136344869.perverse-incentives-of-retrospective,2022-02-25T21:50:38.000Z,true,,,newsletter,everyone,Perverse Incentives of Retrospective Promotions,,
136344868.obligation-incentive-to-write,2022-02-01T18:26:21.000Z,true,,,newsletter,everyone,Obligation: Incentive to Write,,
136344867.earning-to-write-not-writing-to-earn,2022-05-17T16:57:19.000Z,true,,,newsletter,everyone,"Earning to Write, not Writing to Earn",,
136344866.geographic-compensation-will-lose,2022-08-10T20:55:49.000Z,true,,,newsletter,everyone,Geographic Compensation Will Lose,,
136344865.team-matching-creates-incentives,2022-12-19T17:58:46.000Z,true,,,newsletter,everyone,Team Matching Creates Incentives,,
136344864.sooner-versus-longer,2022-07-15T17:54:48.000Z,true,,,newsletter,everyone,Sooner Versus Longer,,
136344863.sign-up-versus-assignment,2023-01-05T20:52:36.000Z,true,,,newsletter,everyone,Sign-up Versus Assignment,,
136344862.the-pie-problem,2022-12-20T16:44:31.000Z,true,,,newsletter,everyone,The Pie Problem,,
136319388.ergodic-development,2023-08-25T13:54:03.037Z,true,2023-08-25T13:54:03.704Z,2023-08-25T13:54:03.704Z,newsletter,everyone,Ergodic Development,"Stayin' Alive, Stayin' Alive üé∂",
136319116.dependency-merging,2023-10-17T13:52:16.774Z,true,2023-10-17T13:52:17.310Z,2023-10-17T13:52:17.310Z,newsletter,only_paid,Dependency Merging,,
136279147.design-intuition,2023-08-22T13:25:46.146Z,true,2023-08-22T13:25:46.563Z,2023-08-22T13:25:46.563Z,newsletter,everyone,Design Intuition,,
136167575.break-dependency,2023-10-10T13:02:38.317Z,true,2023-10-10T13:02:38.694Z,2023-10-10T13:02:38.694Z,newsletter,only_paid,Break Dependency,,
136064354.book-editing,2023-08-15T13:19:09.590Z,true,2023-08-15T13:19:10.066Z,2023-08-15T13:19:10.066Z,newsletter,everyone,Book Editing,"I Hate It, Plus a request & a question",
135894877.publish-everything-pretty-much,2023-08-10T14:14:05.410Z,true,2023-08-10T14:14:06.656Z,2023-08-10T14:14:06.656Z,newsletter,everyone,Publish Everything (Pretty Much),,
135832488.project-buffer-first,2023-10-03T13:48:21.876Z,true,2023-10-03T13:48:22.325Z,2023-10-03T13:48:22.325Z,newsletter,only_paid,Project Buffer First,,
135813559.abundance,2023-09-26T13:47:10.522Z,true,2023-09-26T13:47:10.817Z,2023-09-26T13:47:10.817Z,newsletter,only_paid,Abundance,,
135800625.personal-feedback,2023-09-19T13:46:10.448Z,true,2023-09-19T13:46:10.829Z,2023-09-19T13:46:10.829Z,newsletter,only_paid,Personal Feedback,,
135748477.direct-feedback,2023-09-13T01:15:14.382Z,true,2023-09-13T01:15:14.702Z,2023-09-13T01:15:14.702Z,newsletter,only_paid,Direct Feedback,,
135747398.serialize,2023-09-06T01:04:09.635Z,true,2023-09-06T01:04:10.219Z,2023-09-06T01:04:10.219Z,newsletter,only_paid,Serialize,,
135746659.obviously,2023-08-29T13:54:00.282Z,true,2023-08-29T13:54:01.438Z,2023-08-29T13:54:01.438Z,newsletter,only_paid,"""Obviously...""",,
135746371.reverse-phrase,2023-08-22T13:43:05.736Z,true,2023-08-22T13:43:06.088Z,2023-08-22T13:43:06.088Z,newsletter,only_paid,Reverse Phrase,,
135746096.laughter,2023-08-15T13:27:01.248Z,true,2023-08-15T13:27:02.479Z,2023-08-15T13:27:02.479Z,newsletter,only_paid,Laughter,,
135745710.cantbecause,2023-08-08T13:13:04.651Z,true,2023-08-08T13:13:04.964Z,2023-08-08T13:13:04.964Z,newsletter,only_paid,Can't/Because,,
135742079.idea-to-impact,2023-08-07T13:20:09.593Z,true,2023-08-07T13:20:10.727Z,2023-08-07T13:20:10.727Z,newsletter,everyone,Idea To Impact,Published July 2015,
135741633.thinkies-introduction,2023-08-05T17:52:16.181Z,true,2023-08-05T17:52:16.844Z,2023-08-05T17:52:16.844Z,newsletter,everyone,Thinkies: Introduction,Habits for creativity,
135690727.eventual-business-consistency,2023-08-04T13:49:59.110Z,true,2023-08-04T13:49:59.452Z,2023-08-04T13:49:59.452Z,newsletter,everyone,Eventual Business Consistency,Executive Summary of Bi-temporality,
135611621.ergodic-good-thinkie-awful-name,2023-08-01T14:04:58.200Z,true,2023-08-01T14:04:58.642Z,2023-08-01T14:04:58.642Z,newsletter,everyone,"Ergodic: Good Thinkie, Awful Name",,
135526379.state-of-tidy-first,2023-07-31T13:37:05.950Z,true,2023-07-31T13:37:06.190Z,2023-07-31T13:37:06.190Z,newsletter,only_paid,State of Tidy First?,July 2023 Edition,
135402775.emotions-a-code-book,2023-07-24T14:59:27.832Z,true,2023-07-24T14:59:28.286Z,2023-07-24T14:59:28.286Z,newsletter,everyone,Emotions: A Code Book,,
135358690.envy-brings-a-lesson,2023-07-22T17:32:44.693Z,true,2023-07-22T17:32:44.964Z,2023-07-22T17:32:44.964Z,newsletter,everyone,Envy Brings a Lesson,,
134574799.fresh-work-80155,2023-07-13T14:47:02.188Z,true,2023-07-13T14:47:02.480Z,2023-07-13T14:47:02.480Z,newsletter,everyone,Fresh Work 80/15/5,,
134478569.accounts-and-transactions,2023-07-12T14:38:04.132Z,true,2023-07-12T14:38:04.333Z,2023-07-12T14:38:04.333Z,newsletter,everyone,Accounts & Transactions,,
133682685.snapshot-testing,2023-07-07T13:57:36.241Z,true,2023-07-07T13:57:36.547Z,2023-07-07T13:57:36.547Z,newsletter,everyone,Snapshot Testing,A Test Desiderata Perspective,
133456866.paint-drip-people,2023-07-06T14:31:27.940Z,true,2023-07-06T14:31:28.318Z,2023-07-06T14:31:28.318Z,newsletter,everyone,Paint Drip People,,
132751125.code-smells,2023-07-03T16:49:11.522Z,true,2023-07-03T16:49:11.861Z,2023-07-03T16:49:11.861Z,newsletter,everyone,Code ‚ÄúSmells‚Äù?,Explains the analogy,
129808447.invite-your-friends-to-read-software,2023-06-20T21:24:05.769Z,true,2023-06-20T21:24:06.049Z,2023-06-20T21:24:06.049Z,newsletter,everyone,Invite your friends to read Software Design: Tidy First?,,
129732306.when-did-it-happen-when-did-we-find,2023-06-22T18:11:16.470Z,true,2023-06-22T18:11:16.916Z,2023-06-22T18:11:16.916Z,newsletter,everyone,When Did It Happen? When Did We Find Out?,"Or, bi-temporality made slightly easier to understand",
128025797.never-forget,2023-06-16T14:10:36.957Z,true,2023-06-16T14:10:39.353Z,2023-06-16T14:10:39.353Z,newsletter,everyone,Never Forget,,
126850879.what-if-you-are-going-to-need-it,2023-06-08T11:07:40.122Z,true,2023-06-08T11:07:40.327Z,2023-06-08T11:07:40.327Z,newsletter,everyone,What If You *Are* Going To Need It?,"Business architecture for efficient, effective operation",
125467773.exploring-with-chordal-connections,,false,,,newsletter,only_paid,,,
123814644.confusion-to-sense-to-boundaries,2023-05-25T21:45:43.246Z,true,2023-05-25T21:45:43.533Z,2023-05-25T21:45:43.533Z,newsletter,everyone,Confusion to Sense to Boundaries to Leverage,Why Study Systems?,
123019481.two-more-implementation-patterns,2023-05-22T11:56:09.068Z,true,2023-05-22T11:56:09.367Z,2023-05-22T11:56:09.367Z,newsletter,everyone,Two More Implementation Patterns,,
122330917.barry-prof-barry-dwolatzky-april,2023-05-18T21:37:00.167Z,true,2023-05-18T21:37:00.553Z,2023-05-18T21:37:00.553Z,newsletter,everyone,"Barry ""Prof Barry"" Dwolatzky, April 29, 1952-May 16, 2023",Grand Geek,
121830629.abstract-vs-concrete-parameters,2023-05-16T16:24:35.356Z,true,2023-05-16T16:24:36.346Z,2023-05-16T16:24:36.346Z,newsletter,everyone,Abstract vs. Concrete Parameters,Contradictory Patterns for Testable Designs,
120549871.appreciating-your-way-to-xp,2023-05-10T18:07:13.433Z,true,2023-05-10T18:07:19.869Z,2023-05-10T18:07:19.869Z,newsletter,everyone,Appreciating Your Way to XP,,
119341829.bet-on-growth,2023-05-04T20:50:16.643Z,true,2023-05-04T20:50:17.182Z,2023-05-04T20:50:17.182Z,newsletter,everyone,Bet On Growth,,
116363691.more-what-less-how,2023-04-22T16:49:38.299Z,true,2023-04-22T16:49:38.667Z,2023-04-22T16:49:38.667Z,newsletter,everyone,"More What, Less How",Synthetic -> analytic skills,
115721097.90-of-my-skills-are-now-worth-0,2023-04-19T13:18:09.829Z,true,2023-04-19T13:18:09.974Z,2023-04-19T13:18:09.974Z,newsletter,everyone,90% of My Skills Are Now Worth $0,...but the other 10% are worth 1000x,
115414411.examples-needed-reading-order-and,2023-04-17T15:31:28.751Z,true,2023-04-17T15:31:29.039Z,2023-04-17T15:31:29.039Z,newsletter,everyone,Examples Needed: Reading Order & Cohesion Order,,
113146380.why-empirical,2023-04-18T17:13:16.688Z,true,2023-04-18T17:13:17.012Z,2023-04-18T17:13:17.012Z,newsletter,everyone,"Why ""Empirical""?","In ""Empirical Software Design""",
111944253.why-write-tidy-first-personal-coda,2023-04-01T00:18:39.500Z,true,2023-04-01T00:18:39.668Z,2023-04-01T00:18:39.668Z,newsletter,everyone,"Why Write ""Tidy First?"": Personal Coda",,
111902102.thinking-about-code-review,2023-04-04T13:53:52.969Z,true,2023-04-04T13:53:53.224Z,2023-04-04T13:53:53.224Z,newsletter,everyone,Thinking About Code Review,,
110227041.why-i-came-to-write-tidy-first,2023-03-24T14:11:58.149Z,true,2023-03-24T14:11:58.484Z,2023-03-24T14:11:58.484Z,newsletter,everyone,"Why I Came to Write ""Tidy First?""",,
109670209.how-i-came-to-write-tidy-first,2023-03-21T13:42:16.636Z,true,2023-03-21T13:42:17.102Z,2023-03-21T13:42:17.102Z,newsletter,everyone,"How I Came To Write ""Tidy First?""",,
109007696.fool-proof-design,2023-03-17T14:53:29.768Z,true,2023-03-17T14:53:29.967Z,2023-03-17T14:53:29.967Z,newsletter,everyone,Fool Proof Design,,
105639541.accountability-is-not-blame,2023-03-01T14:42:04.695Z,true,2023-03-01T14:42:04.879Z,2023-03-01T14:42:04.879Z,newsletter,everyone,Accountability is Not Blame,,
104751343.bossemployee-is-not-exactly-a-prisoners,2023-02-24T15:46:11.824Z,true,2023-02-24T15:46:11.931Z,2023-02-24T15:46:11.931Z,newsletter,everyone,Boss/Employee is not Exactly a Prisoners' Dilemma,But close enough to be useful...,
103729889.scaling-extreme-programming-dependencies,2023-02-20T06:38:54.198Z,true,2023-02-20T06:38:54.480Z,2023-02-20T06:38:54.480Z,newsletter,everyone,Scaling Extreme Programming: Dependencies,,
101539052.signaling-cooperation-employees-dilemma,2023-02-08T13:52:56.716Z,true,2023-02-08T13:52:56.897Z,2023-02-08T13:52:56.897Z,newsletter,everyone,Signaling Cooperation: Employee's Dilemma,,
99862552.responsibility,2023-01-30T20:13:06.028Z,true,2023-01-30T20:13:06.215Z,2023-01-30T20:13:06.215Z,newsletter,everyone,Responsibility,,
98650103.delay-versus-friction,2023-01-24T10:53:24.504Z,true,2023-01-24T10:53:24.657Z,2023-01-24T10:53:24.657Z,newsletter,everyone,Delay Versus Friction,,
97202863.design-play-at-work,2023-01-17T07:11:45.507Z,true,2023-01-17T07:11:45.765Z,2023-01-17T07:11:45.765Z,newsletter,everyone,Design Play at Work,"Big Goals, Panic, & Little Tricks",
93612800.design-play,2023-01-04T18:08:18.850Z,true,2023-01-04T18:08:18.968Z,2023-01-04T18:08:18.968Z,newsletter,everyone,Design Play,Why Fooling Around Is A Core Design Skill,
91648067.the-story-of-a,2022-12-19T16:02:08.129Z,true,2022-12-19T16:02:08.225Z,2022-12-19T16:02:08.225Z,newsletter,everyone,The Story of A,Software design is truly an exercise in human relationships,
88805302.distinctions-with-a-difference,2022-12-05T18:14:11.504Z,true,2022-12-05T18:14:11.599Z,2022-12-05T18:14:11.599Z,newsletter,everyone,Distinctions With A Difference,,
88297255.its-not-a-beauty-contest,,false,,,newsletter,only_paid,,,
88247807.sources-of-friction-sources-of-harmony,2022-12-02T18:31:54.605Z,true,2022-12-02T18:31:54.776Z,2022-12-02T18:31:54.776Z,newsletter,everyone,"Sources of Friction, Sources of Harmony",Team Empirical Software Design,
85563112.conclusion,2022-11-21T14:54:27.992Z,true,2022-11-21T14:54:28.134Z,2022-11-21T14:54:28.134Z,newsletter,only_paid,Conclusion,,
84569037.cohesion-and-elements-that-arent,2022-11-15T15:24:05.975Z,true,2022-11-15T15:24:06.192Z,2022-11-15T15:24:06.192Z,newsletter,only_paid,Cohesion: ...And Elements That Aren't Coupled Go Elsewhere,,
84540062.updated-welcome,2022-11-14T18:12:47.244Z,true,2022-11-14T18:12:47.432Z,2022-11-14T18:12:47.432Z,newsletter,only_free,Updated Welcome,,
83123768.downside-of-design-as-increasing,2022-11-07T16:22:53.763Z,true,2022-11-07T16:22:54.491Z,2022-11-07T16:22:54.491Z,newsletter,everyone,Downside of Design as Increasing Cohesion & Reducing Coupling,,
82800963.next-book-topics,2022-11-05T21:41:37.686Z,true,2022-11-05T21:41:37.886Z,2022-11-05T21:41:37.886Z,thread,only_paid,Next Book Topics?,,
82577767.push-back-finally,2022-11-04T18:11:27.485Z,true,2022-11-04T18:11:27.888Z,2022-11-04T18:11:27.888Z,newsletter,everyone,"Push Back, Finally!",,
81988951.cohesion,2022-11-01T20:11:46.824Z,true,2022-11-01T20:11:47.074Z,2022-11-01T20:11:47.074Z,newsletter,only_paid,Cohesion,,
80415583.musing-aligning-authority-and-responsibility,2022-10-24T19:21:20.364Z,true,2022-10-24T19:21:20.507Z,2022-10-24T19:21:20.507Z,newsletter,everyone,Musing: Aligning Authority & Responsibility,,
79015881.coupling,2022-10-18T14:02:26.259Z,true,2022-10-18T14:02:26.418Z,2022-10-18T14:02:26.418Z,newsletter,only_paid,Coupling,,
78207242.beneficially-relating-elements,2022-10-13T14:48:05.544Z,true,2022-10-13T14:48:05.700Z,2022-10-13T14:48:05.700Z,newsletter,only_paid,Beneficially Relating Elements,,
77591196.final-push-to-first-draft,2022-10-10T16:21:11.085Z,true,2022-10-10T16:21:11.344Z,2022-10-10T16:21:11.344Z,newsletter,everyone,Final Push To First Draft,Six Chapters To Go,
76285392.options-versus-cash-flows,2022-10-03T15:47:45.227Z,true,2022-10-03T15:47:45.380Z,2022-10-03T15:47:45.380Z,newsletter,only_paid,Options Versus Cash Flows,,
73635180.options,2022-09-19T15:49:48.696Z,true,2022-09-19T15:49:48.889Z,2022-09-19T15:49:48.889Z,newsletter,only_paid,Options,,
73074346.behavior-change-revenue-versus-structure,2022-09-13T14:02:16.642Z,true,2022-09-13T14:02:17.167Z,2022-09-13T14:02:17.167Z,newsletter,everyone,Behavior Change = Revenue Versus Structure Change = Option,,
71521244.a-dollar-today-a-dollar-tomorrow,2022-09-06T14:30:14.967Z,true,2022-09-06T14:30:15.242Z,2022-09-06T14:30:15.242Z,newsletter,only_paid,A Dollar Today > A Dollar Tomorrow,,
70890060.economics-time-value-and-optionality,2022-08-29T14:36:41.193Z,true,2022-08-29T14:36:41.324Z,2022-08-29T14:36:41.324Z,newsletter,only_paid,Economics: Time Value & Optionality,,
69272341.discarded-chapter-time-value-of-money,2022-08-18T18:05:55.986Z,true,2022-08-18T18:05:56.165Z,2022-08-18T18:05:56.165Z,newsletter,everyone,Discarded Chapter: Time Value of Money,,
68387227.constantines-equivalence,2022-08-15T14:01:48.074Z,true,2022-08-15T14:01:48.345Z,2022-08-15T14:01:48.345Z,newsletter,only_paid,Constantine's Equivalence,,
68228396.reversible-structure-changes,2022-08-12T14:37:16.783Z,true,2022-08-12T14:37:17.075Z,2022-08-12T14:37:17.075Z,newsletter,only_paid,Reversible Structure Changes,,
67364609.tidying-versus-sooner,2022-08-08T15:56:12.877Z,true,2022-08-08T15:56:13.019Z,2022-08-08T15:56:13.019Z,newsletter,everyone,Tidying Versus Sooner,,
67027805.better,2022-08-04T16:37:22.219Z,true,2022-08-04T16:37:22.448Z,2022-08-04T16:37:22.448Z,newsletter,everyone,Better?,,
67024062.bettersoonercheapermore,2022-08-03T18:19:19.080Z,true,2022-08-03T18:19:19.284Z,2022-08-03T18:19:19.284Z,newsletter,everyone,Better/Sooner/Cheaper/More,,
66148638.first-after-later-never,2022-07-29T15:43:11.471Z,true,2022-07-29T15:43:11.595Z,2022-07-29T15:43:11.595Z,newsletter,only_paid,"First, After, Later, Never",,
65126396.rhythm,2022-07-22T14:07:18.522Z,true,2022-07-22T14:07:18.908Z,2022-07-22T14:07:18.908Z,newsletter,only_paid,Rhythm,,
64087747.batch-sizes,2022-07-14T19:45:24.380Z,true,2022-07-14T19:45:24.511Z,2022-07-14T19:45:24.511Z,newsletter,only_paid,Batch Sizes,,
62466108.summer-hiatus,2022-07-05T14:19:11.167Z,true,2022-07-05T14:19:11.271Z,2022-07-05T14:19:11.271Z,newsletter,everyone,Summer Hiatus,,
59649471.tidying-move-declaration-and-initialization,2022-06-15T21:02:25.639Z,true,2022-06-15T21:02:25.725Z,2022-06-15T21:02:25.725Z,newsletter,only_paid,Tidying: Move Declaration & Initialization Together,,
58288187.theory-outline,2022-06-07T14:36:43.369Z,true,2022-06-07T14:36:43.558Z,2022-06-07T14:36:43.558Z,newsletter,everyone,Theory Outline,,
55809675.structure-and-behavior-3d0,2022-05-23T15:08:48.724Z,true,2022-05-23T15:08:48.860Z,2022-05-23T15:08:48.860Z,newsletter,only_paid,Structure & Behavior,,
55662563.section-theory,2022-05-19T16:02:23.338Z,true,2022-05-19T16:02:23.412Z,2022-05-19T16:02:23.412Z,newsletter,only_paid,Section: Theory,,
53065850.relationships-non-geeks-geeks-and,2022-04-29T14:50:39.630Z,true,2022-04-29T14:50:39.736Z,2022-04-29T14:50:39.736Z,newsletter,everyone,"Relationships: Non-geeks, Geeks, & Self",,
52978290.im-having-trouble-writing,2022-04-27T22:16:43.626Z,true,2022-04-27T22:16:43.857Z,2022-04-27T22:16:43.857Z,newsletter,everyone,I'm Having Trouble Writing,...So I Figured I'd Write About That,
51612656.getting-untangled,2022-04-05T14:07:13.956Z,true,2022-04-06T13:37:32.441Z,2022-04-06T13:37:32.441Z,newsletter,only_paid,Getting Untangled,,
51269570.chaining,2022-03-30T13:38:35.823Z,true,2022-03-30T13:38:35.924Z,2022-03-30T13:38:35.924Z,newsletter,only_paid,Chaining,,
50812570.managing,2022-03-22T13:01:21.208Z,true,2022-03-22T13:01:21.335Z,2022-03-22T13:01:21.335Z,newsletter,only_paid,Managing,,
50348829.management-separate-tidying,2022-03-15T14:20:33.483Z,true,2022-03-15T14:20:33.562Z,2022-03-15T14:20:33.562Z,newsletter,only_paid,Management: Separate Tidying,,
50150491.sketching-the-management-section,2022-03-11T15:00:02.693Z,true,2022-03-11T15:00:02.781Z,2022-03-11T15:00:02.781Z,newsletter,everyone,Sketching the Management Section,,
49882075.tidying-one-pile,2022-03-07T15:48:05.318Z,true,2022-03-07T15:48:05.502Z,2022-03-07T15:48:05.502Z,newsletter,only_paid,Tidying: One Pile,,
49517241.tidying-extract-helper,2022-03-01T14:55:37.367Z,true,2022-03-01T14:55:37.467Z,2022-03-01T14:55:37.467Z,newsletter,only_paid,Tidying: Extract Helper,,
49365823.tidying-new-interface-old-implementation,2022-02-25T18:49:45.108Z,true,2022-02-25T18:49:45.179Z,2022-02-25T18:49:45.179Z,newsletter,everyone,"Tidying: New Interface, Old Implementation",,
49242576.tidyings-are-almost-done,2022-02-23T18:25:32.822Z,true,2022-02-23T18:25:32.900Z,2022-02-23T18:25:32.900Z,newsletter,everyone,Tidyings are Almost Done,,
49232962.tidying-chunk-statements,2022-02-23T15:23:02.013Z,true,2022-02-23T15:23:02.144Z,2022-02-23T15:23:02.144Z,newsletter,only_paid,Tidying: Chunk Statements,,
48944982.explaining-constant,2022-02-21T15:27:37.520Z,true,2022-02-21T15:27:37.613Z,2022-02-21T15:27:37.613Z,newsletter,only_paid,Explaining Constant,,
48943481.explaining-variable,2022-02-18T14:52:53.519Z,true,2022-02-18T14:52:53.590Z,2022-02-18T14:52:53.590Z,newsletter,only_paid,Explaining Variable,,
48931739.self-team-product,2022-02-17T17:24:06.722Z,true,2022-02-17T17:24:06.811Z,2022-02-17T17:24:06.811Z,newsletter,everyone,"Self, Team, Product",,
48826714.explicit-parameters,2022-02-16T16:05:46.418Z,true,2022-02-16T16:05:46.529Z,2022-02-16T16:05:46.529Z,newsletter,only_paid,Explicit Parameters,,
48748315.cohesion-order,2022-02-15T14:50:38.451Z,true,2022-02-15T14:50:38.585Z,2022-02-15T14:50:38.585Z,newsletter,only_paid,Cohesion Order,,
48561738.normalize-symmetries,2022-02-14T15:58:48.154Z,true,2022-02-14T15:58:48.212Z,2022-02-14T15:58:48.212Z,newsletter,only_paid,Normalize Symmetries,,
48559421.reading-order,2022-02-11T14:49:48.402Z,true,2022-02-11T14:49:48.472Z,2022-02-11T14:49:48.472Z,newsletter,only_paid,Reading Order,,
48375559.tldr-cohesion,2022-02-09T15:04:47.379Z,true,2022-02-09T15:04:47.462Z,2022-02-09T15:04:47.462Z,newsletter,everyone,tl;dr Cohesion,Now that we understand coupling better...,
48358027.tldr-coupling-and-later-cohesion,2022-02-08T16:56:33.281Z,true,2022-02-08T16:56:33.358Z,2022-02-08T16:56:33.358Z,newsletter,everyone,tl;dr Coupling (& later Cohesion),,
48185461.add-comment,2022-02-07T15:40:53.220Z,true,2022-02-07T15:40:53.485Z,2022-02-07T15:40:53.485Z,newsletter,only_paid,Add Comment,,
48167203.delete-redundant-comment,2022-02-04T15:08:36.449Z,true,2022-02-04T15:08:36.563Z,2022-02-04T15:08:36.563Z,newsletter,only_paid,Delete Redundant Comment,,
48165025.prototype-tidying-example-leaderboard,2022-02-03T16:34:24.110Z,true,2022-02-03T16:34:24.196Z,2022-02-03T16:34:24.196Z,newsletter,only_paid,Prototype Tidying Example Leaderboard,,
48122995.tidying-example-bounty,2022-02-02T21:58:50.160Z,true,2022-02-02T21:58:50.238Z,2022-02-02T21:58:50.238Z,newsletter,only_paid,Tidying Example Bounty,In which Kent tries some of that marketing stuff...,
48001850.what-to-expect-as-a-paid-subscriber,2022-02-01T15:30:46.879Z,true,2022-02-01T15:30:46.997Z,2022-02-01T15:30:46.997Z,newsletter,everyone,What to Expect as a Paid Subscriber,,
47881555.tidying-dead-code,2022-01-31T15:09:49.950Z,true,2022-01-31T15:09:50.006Z,2022-01-31T15:09:50.006Z,newsletter,only_paid,Tidying: Dead Code,,
47880727.tf-book-outline,2022-01-29T00:03:10.957Z,true,2022-01-29T00:03:11.044Z,2022-01-29T00:03:11.044Z,newsletter,everyone,TF? Book Outline,For now...,
47857569.book-writing-resumes,2022-01-28T15:26:06.996Z,true,2022-01-28T15:26:07.059Z,2022-01-28T15:26:07.059Z,newsletter,everyone,Book Writing Resumes,Paid Subscribers Get Chapters As They Are Written,
47830960.guard-clause,2022-01-28T15:25:43.697Z,true,2022-01-28T15:25:43.784Z,2022-01-28T15:25:43.784Z,newsletter,only_paid,Guard Clause,,
47397080.desirable-unit-tests,2022-01-20T00:35:12.363Z,true,2022-01-20T00:35:12.453Z,2022-01-20T00:35:12.453Z,newsletter,everyone,Desirable Unit Tests,A Test Desiderata Perspective,
39891061.incentives-for-tidying,,false,,,newsletter,everyone,,,
34183192.change,2021-03-23T03:57:07.384Z,true,2021-03-23T03:57:07.425Z,2021-03-23T03:57:07.425Z,newsletter,everyone,Change,The purpose of design,
33566963.make-it-run-make-it-right-ii,2021-03-11T16:57:37.577Z,true,2021-03-11T16:57:37.615Z,2021-03-11T16:57:37.615Z,newsletter,everyone,"Make It Run, Make It Right II",Complexity Management,
33164892.make-it-run-make-it-right,2021-03-02T17:57:45.963Z,true,2021-03-02T17:57:45.998Z,2021-03-02T17:57:45.998Z,newsletter,everyone,"Make it Run, Make it Right",Lump _then_ split,
32994805.lumpers-and-splitters,2021-02-26T17:04:57.185Z,true,2021-02-26T17:04:57.237Z,2021-02-26T17:04:57.237Z,newsletter,everyone,Lumpers & Splitters,For now the lumpers are winning,
32993091.lumpers-and-splitters,,false,,,newsletter,everyone,,,
32858724.incentives-not-to-invest-in-structure,2021-02-23T17:29:45.100Z,true,2021-02-23T17:29:45.139Z,2021-02-23T17:29:45.139Z,newsletter,everyone,Incentives Not To Invest In Structure,In which we meet the good-hearted people opposed to progress,
32608358.beneficially-relating-teensy-tiny,2021-02-16T17:48:18.676Z,true,2021-02-16T17:48:19.986Z,2021-02-16T17:48:19.986Z,newsletter,everyone,Beneficially Relating Teensy-tiny Elements,It's All Design,
32413136.structure-and-behavior-prs,2021-02-11T22:58:51.989Z,true,2021-02-11T22:58:52.027Z,2021-02-11T22:58:52.027Z,newsletter,everyone,Structure & Behavior PRs,An Experiment Your Team Can Run Today,
32377006.structure-and-behavior,2021-02-09T22:11:36.685Z,true,2021-02-09T22:11:36.761Z,2021-02-09T22:11:36.761Z,newsletter,everyone,Structure & Behavior,"Separate kinds of changes, separate tradeoffs",
32335934.beneficial-relationships,2021-02-08T19:01:24.627Z,true,2021-02-08T19:01:24.669Z,2021-02-08T19:01:24.669Z,newsletter,everyone,Beneficial Relationships,...Of The Technical Kind,
32195080.elements-all-the-way-down,2021-02-04T15:48:30.080Z,true,2021-02-04T15:48:30.110Z,2021-02-04T15:48:30.110Z,newsletter,everyone,Elements All The Way Down,,
32088844.software-design-dilemmas-a-survey,2021-02-01T16:24:55.129Z,true,2021-02-01T16:24:55.166Z,2021-02-01T16:24:55.166Z,thread,everyone,Software Design Dilemmas: A Survey,,
32003545.chunk-size,2021-01-29T15:46:13.759Z,true,2021-01-29T15:46:13.795Z,2021-01-29T15:46:13.795Z,newsletter,everyone,Chunk Size,It's a Trade Off,
31974348.discuss-fixed-tidying-budget,2021-01-28T18:32:15.999Z,true,2021-01-28T18:32:16.066Z,2021-01-28T18:32:16.066Z,thread,everyone,Discuss fixed tidying budget,,
31971206.30-tidying,2021-01-28T17:19:09.980Z,true,2021-01-28T17:19:10.044Z,2021-01-28T17:19:10.044Z,newsletter,everyone,30% Tidying?,The Perils of Fixed Budgets for Tidying,
31934471.mind-sized-chunks,2021-01-27T16:43:28.610Z,true,2021-01-27T16:43:28.759Z,2021-01-27T16:43:28.759Z,newsletter,everyone,Mind-sized Chunks,A popular tweet,
31894974.welcome-to-tidy-first,2021-01-26T15:10:22.874Z,true,2021-01-26T15:10:23.130Z,2021-01-26T15:10:23.130Z,newsletter,everyone,"Welcome to ""Tidy First?""",In which our author comes to grips with modern book writing,
31136002.coming-soon,2021-01-07T21:22:19.417Z,true,2021-01-07T21:22:19.417Z,2021-01-07T21:22:19.417Z,newsletter,everyone,Software design is an exercise in human relationships.,,
31136001.how-to-use-the-substack-editor,,false,,,newsletter,everyone,,,
